RHC,train,10,training accuracy,94.407,training error,0.028,training time,57.700,testing time,0.045,f1 score,0.950
RHC,test,10,testing accuracy,90.954,training error,0.028,training time,57.700,testing time,0.015,f1 score,0.921
SA,train,10,training accuracy,94.226,training error,0.032,training time,51.107,testing time,0.014,f1 score,0.948
SA,test,10,testing accuracy,90.954,training error,0.032,training time,51.107,testing time,0.009,f1 score,0.922
GA,train,10,training accuracy,92.025,training error,0.039,training time,235.514,testing time,0.015,f1 score,0.930
GA,test,10,testing accuracy,87.879,training error,0.039,training time,235.514,testing time,0.005,f1 score,0.897
RHC,train,100,training accuracy,94.392,training error,0.020,training time,51.203,testing time,0.014,f1 score,0.950
RHC,test,100,testing accuracy,90.909,training error,0.020,training time,51.203,testing time,0.005,f1 score,0.921
SA,train,100,training accuracy,94.211,training error,0.020,training time,51.094,testing time,0.014,f1 score,0.948
SA,test,100,testing accuracy,91.000,training error,0.020,training time,51.094,testing time,0.005,f1 score,0.922
GA,train,100,training accuracy,92.567,training error,0.031,training time,258.861,testing time,0.014,f1 score,0.935
GA,test,100,testing accuracy,89.869,training error,0.031,training time,258.861,testing time,0.006,f1 score,0.913
RHC,train,500,training accuracy,94.527,training error,0.020,training time,58.119,testing time,0.018,f1 score,0.951
RHC,test,500,testing accuracy,91.000,training error,0.020,training time,58.119,testing time,0.006,f1 score,0.922
SA,train,500,training accuracy,94.331,training error,0.020,training time,57.732,testing time,0.016,f1 score,0.949
SA,test,500,testing accuracy,90.909,training error,0.020,training time,57.732,testing time,0.006,f1 score,0.921
GA,train,500,training accuracy,92.537,training error,0.030,training time,266.281,testing time,0.015,f1 score,0.933
GA,test,500,testing accuracy,89.959,training error,0.030,training time,266.281,testing time,0.005,f1 score,0.913
RHC,train,1000,training accuracy,94.346,training error,0.020,training time,54.869,testing time,0.014,f1 score,0.949
RHC,test,1000,testing accuracy,90.954,training error,0.020,training time,54.869,testing time,0.006,f1 score,0.921
SA,train,1000,training accuracy,94.346,training error,0.020,training time,55.109,testing time,0.018,f1 score,0.949
SA,test,1000,testing accuracy,90.819,training error,0.020,training time,55.109,testing time,0.006,f1 score,0.920
GA,train,1000,training accuracy,92.537,training error,0.029,training time,259.115,testing time,0.014,f1 score,0.934
GA,test,1000,testing accuracy,90.773,training error,0.029,training time,259.115,testing time,0.005,f1 score,0.920
RHC,train,2500,training accuracy,94.422,training error,0.020,training time,54.497,testing time,0.014,f1 score,0.950
RHC,test,2500,testing accuracy,91.135,training error,0.020,training time,54.497,testing time,0.005,f1 score,0.923
SA,train,2500,training accuracy,94.422,training error,0.020,training time,54.442,testing time,0.014,f1 score,0.950
SA,test,2500,testing accuracy,90.864,training error,0.020,training time,54.442,testing time,0.005,f1 score,0.920
GA,train,2500,training accuracy,92.191,training error,0.029,training time,247.323,testing time,0.014,f1 score,0.931
GA,test,2500,testing accuracy,91.452,training error,0.029,training time,247.323,testing time,0.006,f1 score,0.925
RHC,train,5000,training accuracy,94.362,training error,0.020,training time,53.758,testing time,0.014,f1 score,0.949
RHC,test,5000,testing accuracy,91.045,training error,0.020,training time,53.758,testing time,0.004,f1 score,0.922
SA,train,5000,training accuracy,94.497,training error,0.020,training time,60.458,testing time,0.014,f1 score,0.951
SA,test,5000,testing accuracy,91.045,training error,0.020,training time,60.458,testing time,0.004,f1 score,0.922
GA,train,5000,training accuracy,92.809,training error,0.027,training time,248.864,testing time,0.012,f1 score,0.937
GA,test,5000,testing accuracy,92.130,training error,0.027,training time,248.864,testing time,0.004,f1 score,0.931
