RHC,train,10,training accuracy,79.308,training error,0.091,training time,0.260,testing time,0.052,f1 score,0.824
RHC,test,10,testing accuracy,63.229,training error,0.091,training time,0.260,testing time,0.014,f1 score,0.719
RHC,train,100,training accuracy,86.036,training error,0.077,training time,1.721,testing time,0.024,f1 score,0.880
RHC,test,100,testing accuracy,78.245,training error,0.077,training time,1.721,testing time,0.006,f1 score,0.825
RHC,train,500,training accuracy,90.785,training error,0.044,training time,6.748,testing time,0.021,f1 score,0.919
RHC,test,500,testing accuracy,88.874,training error,0.044,training time,6.748,testing time,0.006,f1 score,0.904
RHC,train,1000,training accuracy,92.763,training error,0.029,training time,13.616,testing time,0.020,f1 score,0.936
RHC,test,1000,testing accuracy,91.859,training error,0.029,training time,13.616,testing time,0.005,f1 score,0.928
RHC,train,2500,training accuracy,93.792,training error,0.024,training time,35.354,testing time,0.023,f1 score,0.945
RHC,test,2500,testing accuracy,92.266,training error,0.024,training time,35.354,testing time,0.005,f1 score,0.932
RHC,train,5000,training accuracy,93.962,training error,0.022,training time,70.687,testing time,0.019,f1 score,0.946
RHC,test,5000,testing accuracy,92.583,training error,0.022,training time,70.687,testing time,0.005,f1 score,0.935
