SA,train,10,0.05,10.0,training accuracy,45.047,training time,0.293,training error,0.158,testing time,0.055,f1 score,0.371
SA,test,10,0.05,10.0,testing accuracy,52.962,training time,0.293,training error,0.158,testing time,0.014,f1 score,0.495
SA,train,10,0.2,100.0,training accuracy,44.132,training time,0.211,training error,0.158,testing time,0.023,f1 score,0.319
SA,test,10,0.2,100.0,testing accuracy,43.736,training time,0.211,training error,0.158,testing time,0.006,f1 score,0.363
SA,train,10,0.35,1000.0,training accuracy,47.840,training time,0.211,training error,0.158,testing time,0.023,f1 score,0.608
SA,test,10,0.35,1000.0,testing accuracy,43.826,training time,0.211,training error,0.158,testing time,0.006,f1 score,0.580
SA,train,10,0.5,10000.0,training accuracy,51.097,training time,0.160,training error,0.118,testing time,0.024,f1 score,0.289
SA,test,10,0.5,10000.0,testing accuracy,57.576,training time,0.160,training error,0.118,testing time,0.007,f1 score,0.425
SA,train,10,0.65,100000.0,training accuracy,34.543,training time,0.164,training error,0.171,testing time,0.024,f1 score,0.351
SA,test,10,0.65,100000.0,testing accuracy,16.870,training time,0.164,training error,0.171,testing time,0.006,f1 score,0.209
SA,train,10,0.8,1000000.0,training accuracy,55.382,training time,0.176,training error,0.147,testing time,0.032,f1 score,0.698
SA,test,10,0.8,1000000.0,testing accuracy,53.415,training time,0.176,training error,0.147,testing time,0.008,f1 score,0.683
SA,train,10,0.95,1.0E7,training accuracy,43.589,training time,0.209,training error,0.154,testing time,0.023,f1 score,0.266
SA,test,10,0.95,1.0E7,testing accuracy,43.691,training time,0.209,training error,0.154,testing time,0.006,f1 score,0.175
SA,train,100,0.05,10.0,training accuracy,63.523,training time,1.579,training error,0.137,testing time,0.023,f1 score,0.661
SA,test,100,0.05,10.0,testing accuracy,67.436,training time,1.579,training error,0.137,testing time,0.006,f1 score,0.693
SA,train,100,0.2,100.0,training accuracy,45.669,training time,1.346,training error,0.184,testing time,0.017,f1 score,0.607
SA,test,100,0.2,100.0,testing accuracy,45.907,training time,1.346,training error,0.184,testing time,0.004,f1 score,0.610
SA,train,100,0.35,1000.0,training accuracy,46.427,training time,1.284,training error,0.168,testing time,0.018,f1 score,0.553
SA,test,100,0.35,1000.0,testing accuracy,36.680,training time,1.284,training error,0.168,testing time,0.004,f1 score,0.438
SA,train,100,0.5,10000.0,training accuracy,75.769,training time,1.282,training error,0.101,testing time,0.017,f1 score,0.791
SA,test,100,0.5,10000.0,testing accuracy,64.450,training time,1.282,training error,0.101,testing time,0.004,f1 score,0.677
SA,train,100,0.65,100000.0,training accuracy,50.633,training time,1.294,training error,0.171,testing time,0.017,f1 score,0.445
SA,test,100,0.65,100000.0,testing accuracy,58.797,training time,1.294,training error,0.171,testing time,0.004,f1 score,0.610
SA,train,100,0.8,1000000.0,training accuracy,54.365,training time,1.274,training error,0.187,testing time,0.017,f1 score,0.701
SA,test,100,0.8,1000000.0,testing accuracy,55.586,training time,1.274,training error,0.187,testing time,0.004,f1 score,0.713
SA,train,100,0.95,1.0E7,training accuracy,51.640,training time,1.281,training error,0.126,testing time,0.016,f1 score,0.426
SA,test,100,0.95,1.0E7,testing accuracy,59.294,training time,1.281,training error,0.126,testing time,0.004,f1 score,0.571
SA,train,500,0.05,10.0,training accuracy,86.590,training time,6.377,training error,0.084,testing time,0.016,f1 score,0.884
SA,test,500,0.05,10.0,testing accuracy,83.763,training time,6.377,training error,0.084,testing time,0.004,f1 score,0.861
SA,train,500,0.2,100.0,training accuracy,90.909,training time,6.466,training error,0.060,testing time,0.016,f1 score,0.920
SA,test,500,0.2,100.0,testing accuracy,88.829,training time,6.466,training error,0.060,testing time,0.004,f1 score,0.903
SA,train,500,0.35,1000.0,training accuracy,84.430,training time,6.493,training error,0.089,testing time,0.018,f1 score,0.867
SA,test,500,0.35,1000.0,testing accuracy,79.783,training time,6.493,training error,0.089,testing time,0.004,f1 score,0.831
SA,train,500,0.5,10000.0,training accuracy,87.019,training time,6.452,training error,0.095,testing time,0.017,f1 score,0.888
SA,test,500,0.5,10000.0,testing accuracy,78.652,training time,6.452,training error,0.095,testing time,0.004,f1 score,0.827
SA,train,500,0.65,100000.0,training accuracy,87.223,training time,6.406,training error,0.095,testing time,0.017,f1 score,0.887
SA,test,500,0.65,100000.0,testing accuracy,82.316,training time,6.406,training error,0.095,testing time,0.004,f1 score,0.846
SA,train,500,0.8,1000000.0,training accuracy,80.586,training time,6.422,training error,0.136,testing time,0.017,f1 score,0.831
SA,test,500,0.8,1000000.0,testing accuracy,64.405,training time,6.422,training error,0.136,testing time,0.004,f1 score,0.705
SA,train,500,0.95,1.0E7,training accuracy,54.251,training time,6.528,training error,0.175,testing time,0.017,f1 score,0.686
SA,test,500,0.95,1.0E7,testing accuracy,56.626,training time,6.528,training error,0.175,testing time,0.004,f1 score,0.708
SA,train,1000,0.05,10.0,training accuracy,91.531,training time,13.239,training error,0.063,testing time,0.018,f1 score,0.926
SA,test,1000,0.05,10.0,testing accuracy,90.457,training time,13.239,training error,0.063,testing time,0.004,f1 score,0.917
SA,train,1000,0.2,100.0,training accuracy,92.978,training time,13.093,training error,0.048,testing time,0.018,f1 score,0.938
SA,test,1000,0.2,100.0,testing accuracy,91.407,training time,13.093,training error,0.048,testing time,0.004,f1 score,0.924
SA,train,1000,0.35,1000.0,training accuracy,92.571,training time,12.966,training error,0.053,testing time,0.016,f1 score,0.934
SA,test,1000,0.35,1000.0,testing accuracy,91.090,training time,12.966,training error,0.053,testing time,0.004,f1 score,0.922
SA,train,1000,0.5,10000.0,training accuracy,92.028,training time,13.017,training error,0.060,testing time,0.018,f1 score,0.929
SA,test,1000,0.5,10000.0,testing accuracy,88.105,training time,13.017,training error,0.060,testing time,0.004,f1 score,0.899
SA,train,1000,0.65,100000.0,training accuracy,92.424,training time,13.051,training error,0.076,testing time,0.016,f1 score,0.933
SA,test,1000,0.65,100000.0,testing accuracy,89.190,training time,13.051,training error,0.076,testing time,0.004,f1 score,0.907
SA,train,1000,0.8,1000000.0,training accuracy,91.893,training time,12.805,training error,0.082,testing time,0.017,f1 score,0.928
SA,test,1000,0.8,1000000.0,testing accuracy,92.537,training time,12.805,training error,0.082,testing time,0.004,f1 score,0.934
SA,train,1000,0.95,1.0E7,training accuracy,78.200,training time,12.762,training error,0.146,testing time,0.016,f1 score,0.813
SA,test,1000,0.95,1.0E7,testing accuracy,86.386,training time,12.762,training error,0.146,testing time,0.004,f1 score,0.886
SA,train,2500,0.05,10.0,training accuracy,93.691,training time,32.324,training error,0.044,testing time,0.019,f1 score,0.944
SA,test,2500,0.05,10.0,testing accuracy,92.311,training time,32.324,training error,0.044,testing time,0.004,f1 score,0.932
SA,train,2500,0.2,100.0,training accuracy,93.792,training time,32.568,training error,0.036,testing time,0.017,f1 score,0.945
SA,test,2500,0.2,100.0,testing accuracy,92.040,training time,32.568,training error,0.036,testing time,0.004,f1 score,0.930
SA,train,2500,0.35,1000.0,training accuracy,93.578,training time,33.884,training error,0.040,testing time,0.017,f1 score,0.943
SA,test,2500,0.35,1000.0,testing accuracy,92.447,training time,33.884,training error,0.040,testing time,0.004,f1 score,0.933
SA,train,2500,0.5,10000.0,training accuracy,93.464,training time,32.759,training error,0.047,testing time,0.018,f1 score,0.942
SA,test,2500,0.5,10000.0,testing accuracy,91.542,training time,32.759,training error,0.047,testing time,0.004,f1 score,0.926
SA,train,2500,0.65,100000.0,training accuracy,93.838,training time,32.854,training error,0.036,testing time,0.017,f1 score,0.945
SA,test,2500,0.65,100000.0,testing accuracy,91.814,training time,32.854,training error,0.036,testing time,0.004,f1 score,0.929
SA,train,2500,0.8,1000000.0,training accuracy,93.668,training time,32.637,training error,0.052,testing time,0.017,f1 score,0.944
SA,test,2500,0.8,1000000.0,testing accuracy,92.130,training time,32.637,training error,0.052,testing time,0.004,f1 score,0.930
SA,train,2500,0.95,1.0E7,training accuracy,93.589,training time,33.343,training error,0.059,testing time,0.018,f1 score,0.943
SA,test,2500,0.95,1.0E7,testing accuracy,92.266,training time,33.343,training error,0.059,testing time,0.004,f1 score,0.933
SA,train,5000,0.05,10.0,training accuracy,93.815,training time,66.212,training error,0.033,testing time,0.018,f1 score,0.945
SA,test,5000,0.05,10.0,testing accuracy,92.537,training time,66.212,training error,0.033,testing time,0.005,f1 score,0.934
SA,train,5000,0.2,100.0,training accuracy,93.905,training time,66.508,training error,0.032,testing time,0.018,f1 score,0.946
SA,test,5000,0.2,100.0,testing accuracy,92.402,training time,66.508,training error,0.032,testing time,0.004,f1 score,0.933
SA,train,5000,0.35,1000.0,training accuracy,93.905,training time,65.670,training error,0.030,testing time,0.017,f1 score,0.946
SA,test,5000,0.35,1000.0,testing accuracy,92.130,training time,65.670,training error,0.030,testing time,0.004,f1 score,0.931
SA,train,5000,0.5,10000.0,training accuracy,93.985,training time,66.102,training error,0.030,testing time,0.018,f1 score,0.946
SA,test,5000,0.5,10000.0,testing accuracy,92.266,training time,66.102,training error,0.030,testing time,0.005,f1 score,0.932
SA,train,5000,0.65,100000.0,training accuracy,94.007,training time,66.379,training error,0.038,testing time,0.017,f1 score,0.947
SA,test,5000,0.65,100000.0,testing accuracy,92.402,training time,66.379,training error,0.038,testing time,0.004,f1 score,0.933
SA,train,5000,0.8,1000000.0,training accuracy,94.188,training time,66.018,training error,0.036,testing time,0.020,f1 score,0.948
SA,test,5000,0.8,1000000.0,testing accuracy,92.266,training time,66.018,training error,0.036,testing time,0.004,f1 score,0.931
SA,train,5000,0.95,1.0E7,training accuracy,93.657,training time,66.522,training error,0.044,testing time,0.019,f1 score,0.944
SA,test,5000,0.95,1.0E7,testing accuracy,92.537,training time,66.522,training error,0.044,testing time,0.004,f1 score,0.934
