GA,train,10,10,5,2,training accuracy,62.981,training time,0.438,training error,0.167,testing time,0.047,f1 score,0.692
GA,test,10,10,5,2,testing accuracy,53.143,training time,0.438,training error,0.167,testing time,0.011,f1 score,0.621
GA,train,10,25,10,5,training accuracy,82.474,training time,0.496,training error,0.107,testing time,0.033,f1 score,0.853
GA,test,10,25,10,5,testing accuracy,72.773,training time,0.496,training error,0.107,testing time,0.008,f1 score,0.784
GA,train,10,50,30,10,training accuracy,72.151,training time,0.929,training error,0.130,testing time,0.025,f1 score,0.764
GA,test,10,50,30,10,testing accuracy,72.773,training time,0.929,training error,0.130,testing time,0.008,f1 score,0.767
GA,train,10,75,40,15,training accuracy,69.584,training time,1.211,training error,0.143,testing time,0.032,f1 score,0.783
GA,test,10,75,40,15,testing accuracy,62.822,training time,1.211,training error,0.143,testing time,0.009,f1 score,0.746
GA,train,10,100,50,20,training accuracy,78.720,training time,1.476,training error,0.143,testing time,0.020,f1 score,0.827
GA,test,10,100,50,20,testing accuracy,72.953,training time,1.476,training error,0.143,testing time,0.004,f1 score,0.776
GA,train,10,125,60,25,training accuracy,81.196,training time,1.743,training error,0.135,testing time,0.017,f1 score,0.842
GA,test,10,125,60,25,testing accuracy,83.265,training time,1.743,training error,0.135,testing time,0.005,f1 score,0.857
GA,train,100,10,5,2,training accuracy,71.529,training time,2.263,training error,0.104,testing time,0.018,f1 score,0.781
GA,test,100,10,5,2,testing accuracy,69.607,training time,2.263,training error,0.104,testing time,0.004,f1 score,0.782
GA,train,100,25,10,5,training accuracy,78.539,training time,3.556,training error,0.110,testing time,0.016,f1 score,0.794
GA,test,100,25,10,5,testing accuracy,76.165,training time,3.556,training error,0.110,testing time,0.004,f1 score,0.751
GA,train,100,50,30,10,training accuracy,87.822,training time,7.669,training error,0.080,testing time,0.016,f1 score,0.892
GA,test,100,50,30,10,testing accuracy,86.477,training time,7.669,training error,0.080,testing time,0.004,f1 score,0.884
GA,train,100,75,40,15,training accuracy,90.875,training time,10.082,training error,0.071,testing time,0.017,f1 score,0.921
GA,test,100,75,40,15,testing accuracy,87.607,training time,10.082,training error,0.071,testing time,0.004,f1 score,0.896
GA,train,100,100,50,20,training accuracy,89.417,training time,12.492,training error,0.075,testing time,0.016,f1 score,0.907
GA,test,100,100,50,20,testing accuracy,87.246,training time,12.492,training error,0.075,testing time,0.004,f1 score,0.894
GA,train,100,125,60,25,training accuracy,91.599,training time,15.077,training error,0.071,testing time,0.016,f1 score,0.927
GA,test,100,125,60,25,testing accuracy,89.190,training time,15.077,training error,0.071,testing time,0.005,f1 score,0.907
GA,train,500,10,5,2,training accuracy,86.183,training time,11.274,training error,0.071,testing time,0.017,f1 score,0.881
GA,test,500,10,5,2,testing accuracy,83.401,training time,11.274,training error,0.071,testing time,0.004,f1 score,0.866
GA,train,500,25,10,5,training accuracy,88.625,training time,17.876,training error,0.061,testing time,0.017,f1 score,0.900
GA,test,500,25,10,5,testing accuracy,88.286,training time,17.876,training error,0.061,testing time,0.004,f1 score,0.896
GA,train,500,50,30,10,training accuracy,91.588,training time,38.200,training error,0.045,testing time,0.017,f1 score,0.926
GA,test,500,50,30,10,testing accuracy,89.190,training time,38.200,training error,0.045,testing time,0.004,f1 score,0.906
GA,train,500,75,40,15,training accuracy,91.350,training time,50.521,training error,0.053,testing time,0.016,f1 score,0.925
GA,test,500,75,40,15,testing accuracy,91.045,training time,50.521,training error,0.053,testing time,0.005,f1 score,0.921
GA,train,500,100,50,20,training accuracy,92.707,training time,62.267,training error,0.044,testing time,0.018,f1 score,0.935
GA,test,500,100,50,20,testing accuracy,91.497,training time,62.267,training error,0.044,testing time,0.004,f1 score,0.926
GA,train,500,125,60,25,training accuracy,92.933,training time,80.723,training error,0.046,testing time,0.018,f1 score,0.938
GA,test,500,125,60,25,testing accuracy,91.090,training time,80.723,training error,0.046,testing time,0.004,f1 score,0.923
GA,train,1000,10,5,2,training accuracy,81.502,training time,22.787,training error,0.088,testing time,0.018,f1 score,0.827
GA,test,1000,10,5,2,testing accuracy,69.516,training time,22.787,training error,0.088,testing time,0.004,f1 score,0.689
GA,train,1000,25,10,5,training accuracy,89.405,training time,35.843,training error,0.053,testing time,0.018,f1 score,0.908
GA,test,1000,25,10,5,testing accuracy,86.431,training time,35.843,training error,0.053,testing time,0.004,f1 score,0.883
GA,train,1000,50,30,10,training accuracy,92.322,training time,76.274,training error,0.047,testing time,0.016,f1 score,0.932
GA,test,1000,50,30,10,testing accuracy,90.592,training time,76.274,training error,0.047,testing time,0.004,f1 score,0.918
GA,train,1000,75,40,15,training accuracy,92.130,training time,102.762,training error,0.044,testing time,0.018,f1 score,0.931
GA,test,1000,75,40,15,testing accuracy,89.055,training time,102.762,training error,0.044,testing time,0.004,f1 score,0.904
GA,train,1000,100,50,20,training accuracy,93.057,training time,124.202,training error,0.040,testing time,0.017,f1 score,0.938
GA,test,1000,100,50,20,testing accuracy,92.537,training time,124.202,training error,0.040,testing time,0.005,f1 score,0.933
GA,train,1000,125,60,25,training accuracy,92.763,training time,149.072,training error,0.043,testing time,0.017,f1 score,0.937
GA,test,1000,125,60,25,testing accuracy,92.085,training time,149.072,training error,0.043,testing time,0.004,f1 score,0.931
GA,train,2500,10,5,2,training accuracy,85.572,training time,55.862,training error,0.064,testing time,0.017,f1 score,0.870
GA,test,2500,10,5,2,testing accuracy,82.542,training time,55.862,training error,0.064,testing time,0.004,f1 score,0.830
GA,train,2500,25,10,5,training accuracy,90.717,training time,89.905,training error,0.055,testing time,0.018,f1 score,0.918
GA,test,2500,25,10,5,testing accuracy,89.371,training time,89.905,training error,0.055,testing time,0.004,f1 score,0.909
GA,train,2500,50,30,10,training accuracy,92.967,training time,191.654,training error,0.036,testing time,0.017,f1 score,0.937
GA,test,2500,50,30,10,testing accuracy,92.085,training time,191.654,training error,0.036,testing time,0.005,f1 score,0.930
GA,train,2500,75,40,15,training accuracy,92.978,training time,254.466,training error,0.032,testing time,0.017,f1 score,0.938
GA,test,2500,75,40,15,testing accuracy,91.633,training time,254.466,training error,0.032,testing time,0.005,f1 score,0.927
GA,train,2500,100,50,20,training accuracy,93.284,training time,313.379,training error,0.032,testing time,0.018,f1 score,0.941
GA,test,2500,100,50,20,testing accuracy,92.175,training time,313.379,training error,0.032,testing time,0.004,f1 score,0.932
GA,train,2500,125,60,25,training accuracy,93.035,training time,376.555,training error,0.033,testing time,0.018,f1 score,0.938
GA,test,2500,125,60,25,testing accuracy,92.899,training time,376.555,training error,0.033,testing time,0.005,f1 score,0.937
GA,train,5000,10,5,2,training accuracy,55.586,training time,112.661,training error,0.214,testing time,0.018,f1 score,0.708
GA,test,5000,10,5,2,testing accuracy,55.993,training time,112.661,training error,0.214,testing time,0.004,f1 score,0.713
GA,train,5000,25,10,5,training accuracy,92.684,training time,179.831,training error,0.034,testing time,0.018,f1 score,0.935
GA,test,5000,25,10,5,testing accuracy,91.814,training time,179.831,training error,0.034,testing time,0.004,f1 score,0.927
GA,train,5000,50,30,10,training accuracy,93.035,training time,382.670,training error,0.030,testing time,0.019,f1 score,0.938
GA,test,5000,50,30,10,testing accuracy,91.859,training time,382.670,training error,0.030,testing time,0.004,f1 score,0.928
GA,train,5000,75,40,15,training accuracy,93.340,training time,503.011,training error,0.030,testing time,0.018,f1 score,0.940
GA,test,5000,75,40,15,testing accuracy,92.040,training time,503.011,training error,0.030,testing time,0.004,f1 score,0.929
GA,train,5000,100,50,20,training accuracy,93.397,training time,620.099,training error,0.028,testing time,0.017,f1 score,0.941
GA,test,5000,100,50,20,testing accuracy,92.221,training time,620.099,training error,0.028,testing time,0.004,f1 score,0.932
GA,train,5000,125,60,25,training accuracy,93.758,training time,757.230,training error,0.028,testing time,0.018,f1 score,0.945
GA,test,5000,125,60,25,testing accuracy,91.995,training time,757.230,training error,0.028,testing time,0.005,f1 score,0.929
