iter,time,reward,steps,convergence,,,
1,2.1776,-3864,3966,9.99,9.99,9.99,9.99
2,0.4102,-21349,21451,9.98,9.881,9.881,9.881
3,0.5438,-840,942,9.97,9.750547607,9.6829,9.873506253
4,0.8592,-109,211,9.796697293,9.416014267,9.40461,9.865106253
5,1.1666,-149,251,9.687697293,8.955042262,9.054149,9.586816253
6,0.2076,-1783,1885,9.272282393,8.440167457,8.58027559,9.171401353
7,0.4461,9,93,9.074182393,8.431767457,8.006438128,8.820940353
8,0.1694,37,65,8.723721393,8.324207457,7.591023228,8.431450347
9,0.312,-3207,3309,8.179214178,8.146230941,7.146582223,7.904964278
10,0.3084,-82,184,7.625561075,7.886052076,6.457254713,7.865808343
11,0.3287,18,84,6.997102061,7.500326368,5.917257498,7.337401128
12,0.1795,-140,242,6.521354371,7.191665046,5.431260005,6.861834635
13,0.2031,48,54,5.965645451,6.861447046,4.993862262,6.205829523
14,0.3902,42,60,5.411332777,6.729679855,4.475984482,5.51708055
15,0.2787,79,23,4.983159856,6.70316161,4.259297386,5.591944452
16,0.3531,56,46,4.619206297,6.679295191,3.963294329,5.453819797
17,0.3511,65,37,4.415262884,6.102828088,3.964324502,5.127542123
18,0.1378,-147,249,3.971813854,5.584007696,4.15085726,4.807967322
19,0.168,66,36,3.868416398,4.984857275,3.876690716,4.596295064
20,0.206,31,71,3.841938024,4.69542425,3.793946111,4.003592412
21,0.2415,86,16,3.647329913,4.519570828,3.549078422,3.9730829
22,0.3514,7,95,3.840173598,4.189189639,3.447612721,4.353839568
23,0.2894,43,59,3.667500679,3.960786604,3.979515635,4.281003526
24,0.4414,69,33,3.863842253,3.706921051,4.715137295,4.755688459
25,0.2449,30,72,3.690706598,3.446261824,5.166001572,4.235569883
26,0.3012,88,14,3.692746608,3.237342496,5.159229851,4.037919231
27,0.1485,52,50,3.363776724,3.049315101,5.008542311,4.38078073
28,0.129,31,71,3.33805071,2.879694417,4.368231316,4.354782128
29,0.1431,67,35,3.132050185,2.840420386,4.428242548,4.808094361
30,0.1239,77,25,3.243290469,2.611013235,4.357428608,4.738032247
31,0.0986,93,9,3.230311493,3.000834233,4.332288263,4.575220342
32,0.1044,83,19,2.672738423,3.002990459,4.852356996,4.020474399
33,0.0766,77,25,2.532233832,2.825907581,4.714352476,3.974109109
34,0.1215,91,11,2.161609631,2.784554123,4.019866738,3.372585995
35,0.1048,87,15,1.951380821,2.694133646,3.332497716,3.611083733
36,0.0919,89,13,2.068346787,2.58708124,3.28367246,3.674200336
37,0.0921,66,36,2.334538488,2.477658242,3.164241192,3.288811269
38,0.1172,89,13,2.4047465,2.368982146,3.174800841,3.251269021
39,0.1052,92,10,2.446377056,2.483443321,3.017356011,2.78442717
40,0.0968,88,14,1.999892157,2.382683284,3.009248738,2.715454732
41,0.1831,92,10,1.944026075,1.661820362,2.94994939,2.648316128
42,0.1489,91,11,1.971619115,2.213748034,2.406090356,2.643952342
43,0.0885,89,13,1.993969478,2.239385425,2.204897536,2.623251051
44,0.1143,87,15,2.663027565,2.200066855,2.076332656,2.929619117
45,0.1363,90,12,2.797623673,2.114373151,2.428151786,2.626024677
46,0.1052,87,15,3.237547997,2.08534782,2.347911872,2.490018431
47,0.1262,83,19,2.966272835,2.076723718,2.469722067,2.36336511
48,0.0859,85,17,2.845623612,2.079553452,2.62199134,2.27464316
49,0.0855,91,11,2.850283714,2.045300665,3.132435023,2.151136258
50,0.1751,92,10,3.282160473,2.72108489,3.158532714,2.034354035
51,0.1523,91,11,3.457594171,2.845247129,3.226061771,2.633107319
52,0.1365,89,13,3.502030633,2.199994453,3.190844262,3.127329636
53,0.0884,88,14,3.538024167,2.563687463,2.708181125,3.210909703
54,0.085,92,10,2.962403003,2.665379628,2.699136209,2.894583702
55,0.0852,89,13,2.903490804,2.910299425,2.44759652,2.83216285
56,0.1199,93,9,2.367036638,3.053769187,2.948930037,3.502954285
57,0.1547,91,11,2.310154492,3.247341597,3.23945113,4.000754969
58,0.0891,85,17,2.405259452,3.421556766,3.473485967,4.090630236
59,0.2041,87,15,2.439985326,3.372834577,2.919365822,4.092913064
60,0.1052,93,9,2.464951021,2.839880943,2.969025539,4.28669122
61,0.111,87,15,2.327808695,2.867678655,2.983088748,3.762297686
62,0.0888,92,10,2.216723411,2.821195054,2.949742368,3.254143859
63,0.0964,92,10,2.126744331,2.852468675,3.111245026,3.066612413
64,0.0987,88,14,2.116630654,2.709233911,3.180795342,3.122812524
65,0.104,91,11,2.061137495,2.576430553,3.405688116,3.475424369
66,0.1136,92,10,2.349564178,2.564815231,3.011468356,2.836527823
67,0.12,92,10,2.638870725,2.372525314,2.623323527,2.289470503
68,0.1393,91,11,2.60750324,2.340156407,2.238948923,2.349582097
69,0.1659,91,11,2.555543262,2.342459616,2.284672811,2.434017649
70,0.1003,93,9,2.115501534,2.177336707,2.230919831,2.338320873
71,3.5089,91,11,2.120300644,2.740968711,2.215449634,2.217029014
72,0.0958,93,9,2.124187923,2.79404952,2.534983736,2.656171954
73,0.093,92,10,2.114171795,2.350766686,3.013410154,3.254454465
74,0.1455,88,14,2.045766176,2.283190952,3.050824615,3.835000977
75,0.1008,90,12,2.071539073,2.879995563,2.720516658,4.021071228
76,0.1046,93,9,1.9011028,2.762855336,3.174298533,3.952036778
77,0.1348,92,10,1.506370427,2.75860494,3.115135183,4.082920178
78,0.1214,72,30,1.395002378,2.618169485,3.51590678,3.895431974
79,0.1099,92,10,1.789857023,2.486714349,3.529157189,3.92399231
80,0.2201,92,10,1.799723924,2.706468824,3.503915572,3.934749898
81,0.1813,92,10,1.969858473,2.70991281,3.523712141,4.56540083
82,0.1151,86,16,1.968610322,3.291634746,3.771104751,4.542229374
83,0.1068,89,13,2.111606019,3.338946037,3.242583621,3.990678106
84,0.2405,93,9,2.125503604,3.410198497,3.171060088,3.441385496
85,0.1085,93,9,2.183897114,3.262640914,3.09551634,2.981923658
86,0.0859,85,17,1.906069407,3.634768704,2.534024876,3.580173487
87,0.1339,91,11,1.871923141,3.798704446,3.233770852,3.549808515
88,0.1466,93,9,2.620962405,3.942164694,2.876776864,3.554284458
89,0.1043,92,10,2.591051497,3.97176052,2.803756359,3.926148188
90,0.1182,90,12,3.227049904,3.758053659,2.808608516,3.800066877
91,0.1483,93,9,3.167876279,3.118802989,2.723997999,3.164909772
92,0.1408,93,9,3.259002779,2.513198148,2.203908471,2.770042716
93,0.132,93,9,3.201973368,2.568166386,2.132679223,2.781165481
94,0.1146,91,11,3.209053286,2.712428815,2.203226983,2.758299566
95,0.1795,90,12,3.306374291,2.201916588,2.361976691,2.724200753
96,0.1806,89,13,3.362946871,1.812741698,2.375489846,2.14520275
97,0.1209,93,9,3.415100577,1.634997805,1.748164971,2.165298331
98,0.1188,92,10,2.652618402,1.46672289,1.736157646,2.427029891
99,0.1358,92,10,2.897585309,2.168757821,2.283736378,2.126394236
100,0.2869,91,11,2.896540877,2.351448045,2.971754802,2.219119449
101,0.2917,89,13,3.476027326,2.365953674,3.577246003,2.363946968
102,0.1222,91,11,3.448583238,2.310856626,3.548036367,2.362185358
103,0.1389,93,9,3.458165378,2.291468983,3.639242124,2.48570616
104,0.2275,91,11,3.453047207,2.105640897,3.592697383,2.934708242
105,0.1746,89,13,3.370679005,2.125116008,3.537880754,3.554358964
106,0.1604,87,15,3.383605587,2.168166172,3.714638813,3.539515503
107,0.1417,93,9,3.535103495,2.273547252,3.655230814,3.484564163
108,0.1214,90,12,3.648491175,2.30948748,4.282289265,3.249096069
109,0.0791,92,10,2.993817484,2.221384253,4.129983016,3.085559252
110,0.1256,91,11,2.401749639,2.004579146,3.446388953,3.067631933
111,0.0919,93,9,1.695007871,1.919512354,2.858435623,3.053318537
112,0.1052,93,9,1.641962515,1.890460234,2.755212717,2.929546199
113,0.1385,93,9,1.578320823,1.809713194,2.712428239,2.90804494
114,0.1842,93,9,1.961827698,2.215278421,2.677772812,3.024293572
115,0.1052,92,10,2.013114999,2.875642025,2.642866353,2.471990154
116,0.1888,91,11,2.089357407,2.875562941,2.465943546,2.448686755
117,0.155,90,12,2.003756464,3.219236904,2.520162071,2.528060961
118,0.1485,91,11,1.988469235,3.649919956,1.85740668,2.701838435
119,0.1672,85,17,2.619947025,3.448559749,1.413929604,3.154473136
120,0.2296,93,9,3.188158877,3.515241267,1.371772788,3.117536403
121,0.1183,84,18,3.2824122,3.531526779,1.325110141,2.998494826
122,0.1136,92,10,3.291278383,3.582772641,1.75465874,2.989712273
123,0.146,93,9,3.384975367,3.71229258,1.779174016,2.814806711
124,0.1922,84,18,3.182528427,3.957797951,1.799031389,2.120254871
125,0.0979,88,14,3.183519046,3.319584485,2.32147802,1.948360469
126,0.0964,92,10,3.157858001,3.298936976,2.910820203,2.144556662
127,0.1314,88,14,3.155238882,3.481884809,2.949460071,1.997967527
128,0.1464,92,10,3.168602588,3.132621415,3.309298016,1.912555493
129,0.1768,92,10,2.667669861,3.121156014,3.321995103,1.578990999
130,0.1453,89,13,2.063583979,3.214864834,3.282343756,2.004194139
131,0.1462,92,10,1.966718076,3.299202771,3.871470202,1.913006359
132,0.1915,93,9,2.002901755,3.261167531,3.422415758,2.063441186
133,0.1695,90,12,2.062855852,3.273159189,3.64471087,2.042509251
134,0.1089,88,14,1.861979037,3.177222708,4.038746217,2.009400135
135,0.1353,93,9,1.714962476,3.27615295,3.744840055,2.075577102
136,0.131,91,11,1.765682091,3.380329323,3.417995597,2.060999992
137,0.1197,93,9,1.658642273,2.856453048,3.489352015,2.097848628
138,0.1917,89,13,1.543129777,2.839617032,3.259537141,2.12118029
139,0.1556,92,10,1.339108177,2.441614087,3.387016333,2.571802651
140,0.2055,92,10,1.523266947,2.394601429,3.372445107,2.265906777
141,0.1258,87,15,1.462019574,2.294143978,2.894869033,2.446994861
142,0.1773,93,9,1.385401916,2.31472654,2.954375211,2.377126201
143,0.1754,92,10,1.242756593,2.13535431,2.597220101,2.530304289
144,0.1858,92,10,1.232818073,2.243697732,2.21955075,3.289475473
145,0.2104,84,18,1.217995331,2.031557047,2.112007714,3.206445161
146,0.2209,91,11,1.044214888,1.948099923,1.987888998,3.55194703
147,0.1111,85,17,1.778379793,2.330959813,1.945486335,4.119018221
148,0.1471,91,11,1.837720795,2.3704947,2.262999207,4.002459086
149,0.1461,87,15,1.881363974,2.455989565,2.13225486,3.393995647
150,0.2122,90,12,1.660351087,2.466313121,2.152305422,3.402500175
151,0.201,93,9,2.427380078,2.971757031,2.1573106,3.706716737
152,0.1251,92,10,2.603966046,3.164112347,2.663562103,4.034164954
153,0.1463,93,9,2.960973206,3.313417185,2.746727259,4.052811093
154,0.1544,92,10,2.938721263,2.699040099,2.715714104,3.410498153
155,0.1603,92,10,2.915019059,2.774438952,2.533644041,3.549051132
156,0.1004,90,12,3.009012111,2.723092316,2.903239409,3.154825826
157,0.1809,90,12,2.298817175,2.425851717,2.850302298,3.050187324
158,0.1195,90,12,2.331530068,2.404557651,2.411284059,3.169890796
159,0.1539,92,10,2.372144444,2.28598676,3.136175434,3.852587723
160,0.1466,92,10,2.363456935,2.656223813,3.242207013,3.843774438
161,0.1769,88,14,2.195995403,2.15204913,3.121979414,3.537367436
162,0.1138,86,16,1.986171129,2.656351485,2.620492985,3.601400193
163,0.1091,92,10,2.088145726,2.574331638,2.622513541,4.042186801
164,0.0961,93,9,2.211647568,2.533961507,2.609343237,4.580586242
165,0.1092,89,13,2.890000303,2.507613413,2.57679453,4.620162319
166,0.096,84,18,2.898796511,2.955799705,2.527519481,4.485263567
167,0.147,91,11,3.362676164,2.857399428,2.435302714,4.088272746
168,0.1099,89,13,3.339286185,2.920723301,2.525271545,4.092753705
169,0.1893,89,13,3.354636977,3.320344134,1.968630548,3.532958485
170,0.1272,91,11,4.034578746,3.028490798,2.424348988,4.023360613
171,0.1874,82,20,3.549059512,3.14072901,2.440386687,3.976163944
172,0.1576,91,11,3.63193075,2.529348267,2.585072696,3.575692145
173,0.1523,91,11,3.165439097,3.02681349,2.541807,3.76675105
174,0.1224,92,10,3.226691071,3.150764627,2.506620685,3.671862716
175,0.1246,92,10,2.57586988,3.704425352,2.857663723,3.568099772
176,0.1682,90,12,2.580185259,3.831671583,2.554379987,3.700714732
177,0.1393,93,9,2.202281559,4.091693847,2.678820932,3.614242844
178,0.1332,87,15,2.153323487,4.090288443,2.653553432,3.470191128
179,0.1489,90,12,2.075057028,3.812011162,2.570036133,3.562148394
180,0.1839,93,9,1.425184192,3.777347912,2.069048189,2.931235669
181,0.096,93,9,1.449348286,3.724660265,2.019734976,3.47367943
182,0.1512,90,12,1.376766468,3.771899796,1.909704175,3.563743002
183,0.1379,89,13,1.354943203,3.396462883,1.86625048,2.824102098
184,0.1014,86,16,1.14783549,3.263790726,1.995951539,2.337319893
185,0.1221,90,12,1.105828244,3.417264618,1.655515921,2.731370532
186,0.1124,91,11,1.127113906,3.259646649,1.649676874,3.15253342
187,0.1262,83,19,0.996876406,3.025551154,1.519769891,3.078181666
188,0.1611,87,15,0.959455522,2.91344897,1.361831403,3.014042883
189,0.1169,91,11,1.572041787,2.879528497,1.267733062,2.823726446
190,0.207,89,13,1.653468756,3.31461164,1.201988256,2.780267218
191,0.1511,91,11,1.753990461,3.263119834,1.238091963,2.111339598
192,0.185,92,10,2.232206682,3.131494947,1.059976923,2.135324851
193,0.1507,91,11,2.378333653,3.00684581,1.237152095,2.11861698
194,0.178,93,9,2.593598123,2.955660292,1.136696496,2.047989687
195,0.1527,84,18,2.785368798,2.345326398,1.64048284,2.082314552
196,0.1849,91,11,2.768660805,1.923764247,1.64969539,1.623600684
197,0.1414,91,11,2.868609275,1.792730216,1.615289786,2.104894619
198,0.1004,89,13,2.947476477,1.883089653,1.680632768,2.340055602
199,0.1952,92,10,2.475160111,1.844243078,1.706865842,2.382924169
200,0.0884,92,10,2.487573411,1.292596381,1.699999953,2.473725854
201,0.1445,83,19,2.367340209,1.274282123,2.432781369,2.691356733
202,0.1554,90,12,2.01789999,1.331753755,2.706649821,2.585988548
203,0.1347,89,13,2.537299679,1.841576732,2.535873514,2.556022392
204,0.1712,91,11,2.521983744,1.909381802,2.496482047,2.583137422
205,0.1443,88,14,2.485297441,1.906479963,1.961984626,2.084893727
206,0.2436,88,14,2.460280361,1.904008417,1.890671533,1.987693413
207,0.1675,92,10,3.063241892,2.383176465,1.936218116,1.555415431
208,0.1695,89,13,3.171423498,2.234645042,1.960546573,1.914580779
209,0.1334,93,9,3.200209586,2.930067224,2.021001512,2.023217732
210,0.1978,91,11,3.511127866,3.011348623,2.589759837,2.370128527
211,0.1701,90,12,3.510972031,3.15698019,1.961328867,2.284888891
212,0.1287,90,12,3.458258226,3.187270749,2.405219229,2.276482268
213,0.1426,93,9,3.239079599,2.659726881,2.589050786,2.395578181
214,0.147,91,11,3.123627923,2.628821838,3.385037939,2.499222696
215,0.1262,93,9,3.030112065,2.59449052,3.506079428,2.585673601
216,0.1568,91,11,3.027075187,2.642343298,3.454165588,3.133180167
217,0.1513,88,14,2.409251037,2.199934048,3.610834834,3.259435726
218,0.1319,92,10,2.291248732,2.291310981,3.524343917,3.33949561
219,0.1752,90,12,2.856030046,1.736046325,3.453118409,3.32528118
220,0.1192,91,11,2.558777846,2.335327126,3.656738842,3.038975246
221,0.1234,93,9,3.053108819,2.611745632,3.627956323,3.028828452
222,0.1792,93,9,3.101365708,2.611980515,2.988179662,3.494155326
223,0.0902,88,14,2.718748126,2.600264497,2.860436871,3.566587864
224,0.1129,91,11,3.113542346,2.658642438,2.159855814,3.523552536
225,0.1042,91,11,3.214082365,2.60842251,2.272389117,3.848618014
226,0.1294,88,14,3.222808812,2.640805634,2.403493926,3.440561963
227,0.1174,93,9,3.268525609,2.683203725,2.23081441,3.423925916
228,0.1522,88,14,3.661763251,2.799860287,2.330121938,3.206675454
229,0.1444,93,9,3.026781723,2.719502404,2.325086848,3.165517164
230,0.1588,91,11,2.975842929,2.104141692,2.137758293,3.039977282
231,0.1174,92,10,2.543939173,2.432348287,2.084709038,3.058701752
232,0.1658,90,12,2.882998917,2.495013202,2.072622445,3.287298328
233,0.1634,91,11,3.505446106,2.492786885,2.145017906,3.111368979
234,0.1166,91,11,3.128877293,2.494786702,2.169677812,3.101702139
235,0.1469,92,10,3.063359127,2.481359352,2.167818067,3.173614105
236,0.2066,92,10,3.159383473,2.430977291,2.115207905,3.081228872
237,0.1927,92,10,3.075068763,2.436328819,2.516322182,3.423484856
238,0.1667,91,11,2.65532241,2.29078356,3.174222201,3.054402463
239,0.1151,88,14,2.556456779,2.660194201,3.292104789,3.008140399
240,0.1515,88,14,2.465011164,2.626197671,2.921549903,3.121958339
241,0.1415,93,9,2.397837526,1.975955833,3.051014787,3.068330438
242,0.2114,92,10,2.661697146,1.881495861,3.111131656,2.449246151
243,0.2028,89,13,2.015584425,1.860917866,3.673807002,2.92316262
244,0.1115,88,14,2.374048291,1.769465422,3.730749447,3.300401042
245,0.1468,93,9,2.395496464,1.864678615,3.658342002,3.039212045
246,0.1741,91,11,2.906548467,2.238615927,3.569079038,3.140232102
247,0.3475,91,11,3.013302698,2.16319517,3.185181463,2.82154045
248,0.1978,83,19,3.464785863,2.873955456,3.034671716,2.858595802
249,0.1778,89,13,3.58747522,2.5006908,3.483501702,2.908164516
250,0.1864,91,11,3.742177172,2.572022764,3.512660542,2.781494063
251,0.2101,80,22,4.071937581,2.529130792,3.545204926,2.70301033
252,0.1773,93,9,3.550665485,2.504363741,4.233266292,2.515726461
253,0.1883,92,10,3.569723618,2.617422467,3.746620662,2.120545091
254,0.1206,93,9,3.177273139,3.012487558,3.611515248,1.831505257
255,0.1563,90,12,3.209520415,3.251622031,3.593603401,1.67050005
256,0.1888,93,9,3.19084784,3.369495281,3.633786029,2.070518911
257,0.1308,91,11,3.15514422,3.934693628,3.716280932,2.606856845
258,0.2082,90,12,2.762622218,3.385840344,3.868546067,3.104618672
259,0.1471,93,9,2.695415403,4.074008312,3.396715559,3.062366544
260,0.13,89,13,2.59894151,4.101489782,3.203495169,3.138079892
261,0.1263,93,9,2.206268824,4.434725535,3.052331769,3.195055916
262,0.13,89,13,2.214532309,4.596055286,2.31693723,3.264759571
263,0.1811,90,12,2.140218016,4.627435209,2.146174346,3.352464343
264,0.1055,92,10,2.090010315,4.374841257,2.707499025,3.374121269
265,0.1149,91,11,1.957114615,4.116623758,3.113899687,3.777190008
266,0.1552,92,10,1.296917944,3.632730628,3.753348534,3.204567229
267,0.1314,91,11,1.214597014,3.131199795,3.677910666,3.09544018
268,0.122,88,14,1.139533271,3.347797891,3.569443438,3.013746594
269,0.1143,91,11,1.213233866,3.246028641,3.499171808,2.93677282
270,0.1047,89,13,1.154400113,3.211348322,3.958206287,3.395367789
271,0.2063,91,11,1.202670371,2.99988756,4.38138778,3.366177798
272,0.1113,93,9,1.127256456,2.854839604,4.830831542,3.349881644
273,0.168,90,12,1.131701392,2.843928141,4.896564126,3.644148648
274,0.1555,90,12,1.133860835,2.767310432,4.949867021,3.510156629
275,0.2332,93,9,1.373541895,2.71741645,4.836624706,3.155016172
276,0.173,87,15,1.384370186,2.69382797,4.795324336,3.243112161
277,0.173,90,12,1.394115648,2.640781887,4.846198719,2.917651173
278,0.1417,93,9,1.570159172,2.247368624,4.873867349,2.424639596
279,0.2618,93,9,1.647855615,1.59035551,4.965628721,2.392966217
280,0.1954,93,9,2.017033386,1.630706829,4.588961597,2.608304702
281,0.1414,90,12,2.049359346,1.617173957,4.187793222,2.684137591
282,0.2213,88,14,2.490237337,1.567064491,3.765448672,2.73029389
283,0.1247,90,12,2.753401992,1.903411718,3.684312302,2.370979239
284,0.1652,90,12,2.958019444,1.957113539,3.233259948,2.319701066
285,0.1627,89,13,2.90175528,1.959481421,2.847140722,2.410818252
286,0.2143,91,11,2.994065654,2.398777489,2.239330172,3.061107362
287,0.1606,93,9,3.058785833,2.418436979,2.161899306,2.93251016
288,0.1784,88,14,2.957930397,2.384429533,1.472369113,2.964434399
289,0.1921,91,11,2.793261443,2.344937104,2.060563584,3.131439279
290,0.1578,90,12,2.454304577,2.288866933,2.523746513,2.469096232
291,0.1122,89,13,2.349809401,2.70361623,2.552406528,2.908088231
292,0.1165,93,9,1.787120079,3.19048873,2.471061456,3.465293123
293,0.1149,93,9,1.526372247,3.322006286,3.143975156,3.491389421
294,0.177,92,10,1.314196783,3.217431708,3.082021177,3.654738385
295,0.168,88,14,1.121298763,3.888911709,3.563226838,3.620787771
296,0.2196,90,12,1.007740006,3.576738622,4.238034974,2.97046461
297,0.1957,84,18,0.912354887,3.578283195,4.267241573,3.3138643
298,0.1512,91,11,0.965351376,3.728597019,4.760286443,3.270712898
299,0.178,88,14,1.04691896,3.843601888,4.194422688,3.765873623
300,0.1957,91,11,1.03572386,3.834071497,3.656546349,4.242308029
301,0.2068,90,12,1.013680972,3.314105348,4.138160283,3.790237183
302,0.1899,87,15,1.032425791,3.260304263,4.292309489,3.914628018
303,0.1361,89,13,1.032744286,2.882992579,4.06901281,4.001003739
304,0.1561,89,13,1.033971986,3.521699079,4.003110022,4.209928729
305,0.1768,93,9,1.0686837,2.864464231,3.928003011,4.404851482
306,0.1929,93,9,1.028461537,2.873605169,3.337934737,4.52610211
307,0.165,89,13,1.544212311,3.23874296,3.368300178,4.253097617
308,0.1316,91,11,1.417141509,3.215812795,3.340551324,4.92557045
309,0.2638,90,12,1.327586623,3.50873482,3.646184066,4.498822978
310,0.2764,88,14,1.344480534,3.983407516,3.798617565,4.13985311
311,0.1621,92,10,1.360700678,4.063301749,3.367277188,4.222438509
312,0.1557,93,9,1.394786555,3.731106652,3.411470542,4.087008953
313,0.2222,90,12,1.422396115,3.56853056,3.110543025,4.010163622
314,0.1668,88,14,2.149262072,2.974902514,3.229554772,3.732562511
315,0.1359,93,9,2.193966292,3.021342483,2.817658169,3.961858582
316,0.2207,89,13,2.207876955,2.916658687,2.775972446,4.262252544
317,0.1762,91,11,2.111144804,2.640469095,2.888714704,4.334771422
318,0.1474,91,11,2.095868051,2.487111805,2.509638346,3.89102249
319,0.1718,81,21,2.186530062,2.09845955,2.770860747,3.802051505
320,0.1735,84,18,2.635925778,1.970322598,2.576269915,3.663191729
321,0.1195,85,17,2.718188108,1.923641308,2.486161172,3.784800326
322,0.2067,91,11,3.109300254,1.903148558,3.042778993,3.410637791
323,0.1867,93,9,3.179476318,2.061810149,2.940690732,3.490799831
324,0.1871,88,14,2.548270177,2.020282117,2.778318522,3.598427919
325,0.1758,89,13,2.693693888,2.395864952,2.756336098,3.719485794
326,0.181,92,10,3.303990693,2.369264072,2.625143614,3.401202906
327,0.1422,92,10,2.996539227,2.412243284,3.025237742,3.281868299
328,0.1623,89,13,3.085028538,2.425922597,3.02598574,3.46238183
329,0.1351,90,12,3.001655808,2.45208588,2.459432171,3.72223831
330,0.1527,88,14,2.545995884,1.984754982,2.65261966,3.801712772
331,0.1504,92,10,2.544156575,2.026754263,2.603927158,3.606284159
332,0.1659,92,10,2.077625966,1.947372885,2.67161534,3.434385589
333,0.1611,88,14,1.96301323,1.733096609,2.619913049,3.40145816
334,0.1395,90,12,2.629421546,2.445709184,2.638425425,3.379745894
335,0.1669,92,10,2.629169708,2.436009618,2.742909189,3.131334174
336,0.1592,90,12,2.123814941,2.449686006,3.409376995,3.091152063
337,0.154,93,9,2.079341047,2.340253098,2.988376454,3.060101694
338,0.1614,92,10,2.703170697,2.372836958,3.012612056,2.861949702
339,0.3346,92,10,3.312704164,2.354545353,2.885753367,2.909149814
340,0.2139,92,10,3.452031739,2.371297672,2.70035092,3.450255043
341,0.2013,90,12,3.461128,2.370107537,2.740516978,3.503418955
342,0.2276,92,10,3.610181774,2.380484032,2.36454651,3.434080948
343,0.2639,91,11,3.667007483,2.802352134,2.976655948,3.450331435
344,0.2617,93,9,2.986161795,2.174854025,2.948473642,3.388423077
345,0.266,82,20,2.82421047,1.756732572,3.00138126,2.975499218
346,0.3049,86,16,2.753626841,1.73547808,2.34448933,2.863282119
347,0.3544,92,10,2.705317194,1.728957353,2.904408407,2.956380898
348,0.2624,91,11,2.500565496,1.735404361,3.247821337,2.852518607
349,0.3022,93,9,2.251167007,1.868883498,3.672661984,2.984958354
350,0.2653,90,12,2.108501268,1.883746183,3.756086472,2.785951113
351,0.1687,93,9,2.012861715,1.751515363,4.153797696,2.75342393
352,0.1778,93,9,2.373292494,1.73464767,4.439374716,3.241100347
353,0.187,90,12,2.344463833,2.048947737,3.943432634,3.810013754
354,0.1599,90,12,2.343423771,2.079778504,4.052057487,3.895656777
355,0.1741,89,13,2.34258132,2.11192727,3.993905954,3.865470402
356,0.191,90,12,2.390931151,2.153193359,4.104565893,3.881142296
357,0.2123,89,13,2.604364622,2.798885195,3.451594007,3.82073203
358,0.2109,92,10,2.288496002,2.892189724,3.105112797,3.90579042
359,0.2856,92,10,1.904938871,2.81082758,2.796845434,3.348350645
360,0.1771,92,10,2.374455891,2.83817966,2.737638394,2.968248803
361,0.1429,86,16,2.601333139,3.285773086,2.760212658,3.589026111
362,0.1728,93,9,2.232387363,3.452799022,2.714755342,3.58315963
363,0.2172,92,10,2.62417324,3.414986965,3.299198607,3.251714076
364,0.1672,90,12,2.751442559,3.354901045,3.253376119,3.221470544
365,0.1613,92,10,2.854530707,3.319620739,3.72561326,3.373738536
366,0.2033,89,13,2.829716687,3.287868465,3.665823236,3.309785255
367,0.1842,88,14,3.078353201,3.167449699,3.617393318,3.611336071
368,0.204,93,9,2.951957003,3.176667621,4.019783091,3.493989481
369,0.1574,90,12,3.058788944,3.281212675,4.058061206,3.45222289
370,0.169,91,11,2.690186067,3.347741197,4.102329496,3.447962814
371,0.1466,93,9,2.485735187,3.053863937,3.756961476,3.210934536
372,0.1417,90,12,2.371981498,3.544034048,3.182966462,2.808404904
373,0.1425,88,14,1.957927482,2.937363847,2.606885852,2.371313029
374,0.1964,92,10,1.791060471,2.941560815,3.19851708,2.77268471
375,0.279,92,10,1.772558085,3.344664667,3.401851631,2.600828044
376,0.2207,92,10,2.207346171,3.407099107,3.52932428,2.798534302
377,0.1915,88,14,1.854425832,2.974604875,3.507473704,2.402131484
378,0.1366,89,13,1.889967532,3.529933088,3.026253236,2.851856572
379,0.1715,91,11,1.816565156,3.749797064,2.836133864,3.020927567
380,0.2047,90,12,2.330438993,4.232627573,2.729072363,2.934056127
381,0.1526,91,11,2.451026848,4.249995657,3.073699799,2.680197942
382,0.1469,91,11,2.619188846,3.976588919,3.038603116,2.701065906
383,0.1659,92,10,3.059517243,4.282690732,3.077029309,2.875086239
384,0.2059,90,12,3.139950037,4.382099735,2.529630658,2.512703446
385,0.1836,89,13,3.191088458,4.137333724,1.76771151,2.562362947
386,0.1384,93,9,2.872955427,4.217403343,2.228460524,2.506503647
387,0.1718,92,10,2.82349697,4.18964132,2.955647306,2.593628201
388,0.1711,92,10,3.151614835,4.208381513,3.098378402,2.554915338
389,0.1363,92,10,3.495969829,3.953974147,3.229625251,2.400549181
390,0.18,93,9,3.142856213,3.992409215,3.692025159,2.593254729
391,0.1619,88,14,3.191516886,3.905584791,3.334425662,2.444860039
392,0.1114,92,10,3.105182959,3.623253323,3.398739628,2.397911968
393,0.1107,93,9,2.849964214,3.297287857,3.321034917,2.208664519
394,0.1914,92,10,3.144177502,3.572849313,3.222544289,2.050498794
395,0.1595,92,10,3.096887051,3.434166113,3.208740146,2.475723362
396,0.1256,91,11,3.36656075,3.309351234,2.550813917,2.37423785
397,0.2059,90,12,3.442950256,3.64030268,2.065246569,2.26675562
398,0.1997,91,11,3.178578962,3.590857806,2.684888614,1.799916816
399,0.1514,90,12,3.227751775,4.076189961,2.588926446,1.873227824
400,0.1866,92,10,2.997987964,3.622368022,2.362845607,1.714599074
401,0.155,93,9,2.873943425,3.651377465,2.747479554,2.31496856
402,0.2225,86,16,2.870142128,3.636285806,3.373622539,2.976352633
403,0.4161,92,10,3.36863365,3.65696107,3.446976365,3.213259447
404,0.3293,88,14,3.062042697,3.387355584,3.488821827,3.289305962
405,0.2414,91,11,3.60230286,3.443056822,4.188589274,2.930900546
406,0.3481,89,13,3.271130682,3.455733875,4.309879525,2.915413158
407,0.2368,89,13,3.274699214,3.113157803,4.184361487,2.980418697
408,0.3317,91,11,3.375176699,2.496327812,3.470826358,3.406229032
409,0.2421,93,9,2.964902639,1.967857494,3.482284751,3.362737826
410,0.2528,92,10,3.307423489,1.811331384,3.690692648,3.447296782
411,0.3505,92,10,3.422230038,1.688798808,3.371630548,2.7358034
412,0.3596,90,12,3.503759587,2.349425888,2.801372017,2.06320929
413,0.3819,87,15,3.320188709,2.442889743,2.796163015,1.935198894
414,0.2669,93,9,3.372160362,2.287904659,2.824016591,1.926987838
415,0.3155,93,9,2.885447951,2.16236674,2.180705365,1.926497811
416,0.2722,91,11,2.795186737,2.079302696,2.126910053,2.126984739
417,0.2738,90,12,3.411745651,2.076037801,2.030869437,2.611926081
418,0.277,92,10,3.610021707,1.995177639,2.002819666,2.236032057
419,0.2712,90,12,4.150456573,2.082731661,2.448532651,2.984419417
420,0.3697,93,9,3.916586938,2.261492981,2.109420648,3.575653222
421,0.239,85,17,4.358762815,2.246899884,2.104591719,4.138240205
422,0.3067,93,9,4.31531557,1.540245695,2.512586323,4.144502261
423,0.3461,88,14,3.962094979,1.464530068,3.095434555,4.622259097
424,0.4774,92,10,4.235328053,1.453398878,3.094699434,4.501127237
425,0.2944,85,17,4.158159423,1.442589353,3.469587478,4.568413394
426,0.2678,90,12,4.221544276,1.433833638,3.498146583,4.572989554
427,0.1639,90,12,3.913661934,1.825600371,3.532739776,3.99155704
428,0.1805,88,14,3.533061493,1.900766176,3.678547602,3.915837847
429,0.1486,91,11,3.167580859,1.833998599,3.316045256,3.88013453
430,0.1557,89,13,3.026587636,1.632580414,3.894146683,3.159732758
431,0.1709,93,9,2.49340207,1.814289366,3.758669291,3.266285514
432,0.3245,90,12,2.483561581,1.77314447,3.729669847,3.826061481
433,0.2985,93,9,2.455682271,2.37800482,3.713644525,3.843569847
434,0.2517,91,11,2.533234208,2.969243694,3.733683563,4.409460789
435,0.3226,89,13,2.534492611,3.118882537,3.409136102,4.740871491
436,0.2525,92,10,2.927709291,3.33843828,3.424591317,4.665239696
437,0.2264,84,18,2.67559192,2.919368414,3.579128133,4.860074142
438,0.3317,93,9,3.071246685,3.322636387,3.645938198,5.654316522
439,0.2411,90,12,3.254572724,3.247159324,3.727777711,5.10724473
440,0.3018,89,13,3.444786938,3.945322766,3.83990936,5.851675864
441,0.353,90,12,3.542851281,4.209745663,4.514554812,5.377546055
442,0.3607,92,10,3.552787207,4.273947784,4.100027746,5.511909021
443,0.2423,90,12,3.572154832,3.59967801,3.481993226,5.013353536
444,0.2392,91,11,3.163547782,3.078895814,3.48026931,4.448366149
445,0.2473,93,9,3.197547453,3.557023012,3.438546919,4.051609847
446,0.3248,93,9,2.832889812,3.815734335,3.402288972,4.130965133
447,0.2393,88,14,3.043402869,3.785267052,3.30330832,4.034256418
448,0.3433,93,9,2.72219929,3.379390659,3.156751658,3.309886504
449,0.1939,91,11,2.445799247,3.766804905,3.134161258,3.10009859
450,0.3408,91,11,2.320219179,3.189490026,2.455241074,2.385206462
451,0.2994,89,13,2.14376703,3.20633957,1.797394592,2.22461956
452,0.2681,89,13,2.01715087,3.205952896,1.702244509,2.059158369
453,0.2189,89,13,1.946751529,3.226580524,1.741885007,1.969764414
454,0.2292,92,10,2.05249779,3.184733167,1.721541841,2.516026636
455,0.2292,89,13,2.385857331,2.759948803,1.812271781,2.500312586
456,0.3214,92,10,2.327265831,2.413872973,2.224919092,2.451158138
457,0.2584,92,10,1.90392865,2.398041688,2.5073575,2.380339597
458,0.3358,93,9,1.927967092,2.36673559,2.583117636,2.450034213
459,0.2157,89,13,1.92794845,2.624308651,2.521598259,2.466480551
460,0.2791,90,12,1.973362223,2.571589949,2.462376355,2.645914167
461,0.2524,91,11,1.969470266,2.134586233,2.625472997,2.651350284
462,0.2252,90,12,2.037645198,2.108458141,3.042160376,2.049514861
463,0.2628,87,15,2.148197244,2.035725837,2.989740857,2.553128114
464,0.3303,92,10,2.116955779,2.014562083,2.998253945,2.094229183
465,0.2331,93,9,1.725227941,2.577508768,2.993252386,2.056471377
466,0.192,92,10,1.723464488,2.453086935,2.557268387,1.965843341
467,0.2365,93,9,1.821207445,2.409726917,2.753659861,2.075725032
468,0.5144,90,12,1.708598196,2.387192903,2.620465408,2.500125901
469,0.3221,85,17,1.613033271,1.741579822,2.522044462,2.668878432
470,0.2274,91,11,1.513417947,1.634756895,2.488989443,2.652959908
471,0.3924,92,10,1.958103599,1.752236274,2.256282061,2.732021022
472,0.2245,92,10,1.961220709,1.671328507,1.771355108,2.842966632
473,0.2242,91,11,1.845015639,1.805525584,1.814239076,2.407298562
474,0.314,91,11,1.761889535,1.946483567,1.667550377,2.470257554
475,0.2946,91,11,2.132377813,1.209984699,1.652026827,2.514387414
476,0.2158,91,11,2.161094267,1.187614024,2.386850733,2.481941614
477,0.2088,89,13,2.056496159,1.233702979,1.893466739,3.105220981
478,0.2883,92,10,2.047758296,1.917859791,2.405185339,2.572507708
479,0.2522,93,9,2.04503206,2.38099236,2.864689713,2.531395326
480,0.1935,92,10,2.212203576,2.554788801,3.289877986,2.455640486
481,0.3432,91,11,1.872645157,2.6320025,3.435134821,2.427592893
482,0.3016,92,10,1.793475201,2.794324619,3.597614824,2.390597062
483,0.2428,93,9,1.774412658,3.05260574,3.564339979,2.394761973
484,0.2999,90,12,1.706233311,2.979261239,3.792502751,2.300620183
485,0.2934,93,9,1.69437959,3.038870158,3.758021734,2.345439241
486,0.4842,92,10,1.773370971,3.115148666,3.087475056,2.476442583
487,0.1911,90,12,1.891438363,3.227719567,3.600653634,1.734934162
488,0.3936,92,10,2.415163921,2.590817074,3.212156804,1.749053224
489,0.2372,91,11,2.577254015,2.205012283,3.144647697,1.854509542
490,0.3397,87,15,2.515946086,2.154708384,2.871588443,1.940198106
491,0.2305,92,10,2.495521824,2.141759394,2.939524158,1.883652826
492,0.196,93,9,2.598023733,2.096168793,2.852384857,2.316934815
493,0.2901,87,15,3.016673261,2.125682806,2.905453845,2.795384327
494,0.2559,92,10,3.081380984,2.162083781,2.851576089,2.882509989
495,0.2302,89,13,2.631425925,2.165121247,2.916613582,2.767739978
496,0.341,91,11,2.490998625,2.261535948,2.82788281,2.771225041
497,0.2416,91,11,2.379745782,2.25488572,2.367606294,3.334998593
498,0.1596,93,9,1.802674907,2.830123374,2.221639403,3.748880282
499,0.266,92,10,1.67324956,2.803925714,1.947183199,4.00672549
500,0.2911,92,10,1.551510473,2.782705609,2.225243565,4.271929583
501,0.1568,93,9,1.665958828,3.270312004,2.523882136,4.454080917
502,0.1537,89,13,1.805826617,3.288274558,2.900061945,3.97948826
503,0.1878,93,9,1.408043311,2.997909524,2.884486919,3.992818623
504,0.2367,93,9,1.520812361,3.288608944,3.457329435,3.869832455
505,0.1712,93,9,1.549104238,3.401098989,3.440896183,3.886478819
506,0.1631,92,10,1.554473668,3.353859375,3.443647185,4.420764465
507,0.1357,87,15,2.074132727,3.317641348,3.921151296,4.322438502
508,0.1558,89,13,2.103211242,2.732982374,4.069124841,3.911037954
509,0.1441,90,12,2.085723703,3.244553402,4.043554241,3.565547956
510,0.1158,90,12,2.664546069,3.178468398,4.045903312,3.133072854
511,0.1352,90,12,2.570309452,2.622318481,3.963760173,3.132459471
512,0.191,91,11,2.444229281,2.724007573,4.277241683,3.566768215
513,0.1875,91,11,2.384508944,2.703426816,4.29138625,3.196220675
514,0.1548,93,9,2.308951578,2.267613271,3.619140559,3.355290023
515,0.2198,93,9,2.334452072,2.249308799,3.521968466,4.058411683
516,0.2008,92,10,3.109020203,2.94284651,4.195857402,3.306070327
517,0.1564,87,15,2.679118117,2.911248788,3.681978545,3.293639799
518,0.1668,84,18,2.718912493,3.010504606,3.719973514,3.937807074
519,0.1771,84,18,3.151648086,2.45811186,3.774906106,3.989921287
520,0.2414,91,11,2.617564038,2.566503974,3.446943705,4.594512808
521,0.3203,90,12,2.54690924,2.869287188,3.748381696,4.455529039
522,0.2998,86,16,2.560284409,2.78637643,3.109172588,4.149194564
523,0.5141,90,12,2.613025598,3.112993104,3.070004957,4.203905619
524,0.2345,84,18,2.95542442,3.26294802,3.475727702,4.123196884
525,0.1822,93,9,3.369772214,3.512446271,3.475427983,3.527129668
526,0.2399,92,10,2.769271327,2.865744741,2.880091598,4.232031612
527,0.1857,93,9,2.72035516,2.884535911,2.826393798,4.454397933
528,0.1938,92,10,2.780620073,2.831809554,3.064224039,3.882860767
529,0.2125,91,11,2.362837171,2.865922227,3.353973744,4.390228798
530,0.1561,90,12,2.344354793,2.883984781,3.338562461,4.148181746
531,0.1912,88,14,2.773494258,2.534409507,2.803291087,4.183491234
532,0.1652,86,16,2.829893344,2.475090528,3.149181957,4.145057085
533,0.1779,93,9,2.872852558,2.065324349,3.556865176,4.504492821
534,0.1645,88,14,2.859125326,2.134598347,3.394680149,5.093099786
535,0.2009,93,9,2.565759229,1.783608683,3.575290449,5.05915579
536,0.2348,88,14,2.970456308,1.72260153,3.663404246,4.540061585
537,0.1882,89,13,3.104932708,2.350655558,3.729780116,4.290960944
538,0.2719,93,9,3.110202155,2.746192953,3.414420133,4.319977326
539,0.1561,92,10,3.145732423,3.108355125,2.981032936,4.053711406
540,0.1557,92,10,3.218508568,3.057951698,2.894511651,3.737294854
541,0.1865,88,14,3.216222853,3.148868689,2.751843196,4.115620521
542,0.1254,87,15,3.232214678,3.476626395,2.783816248,4.678882238
543,0.1356,92,10,3.16392694,3.814258421,2.348346874,4.171179904
544,0.1781,85,17,2.841351722,3.791427964,2.465994197,3.579707049
545,0.1703,93,9,3.30934361,3.852322235,2.381969075,3.540561016
546,0.2259,91,11,2.887710672,3.882456576,2.786468823,3.738437639
547,0.1574,93,9,2.72601484,3.199052383,3.220797744,3.820328846
548,0.2273,93,9,2.656251608,2.871418205,3.473928352,4.123871583
549,0.2014,86,16,2.65690012,2.490016584,3.569240283,3.772458643
550,0.1663,91,11,3.224519947,2.475298784,3.749971154,3.860749489
551,0.1726,91,11,2.75721067,2.324291725,3.791200198,3.980761628
552,0.1536,89,13,2.662877553,1.925057325,3.490138913,3.450327541
553,0.1442,91,11,3.373414222,1.564177169,3.563142268,3.465834889
554,0.1456,91,11,3.360994314,1.406585811,3.200431885,3.987336047
555,0.1401,93,9,2.801382064,1.706960747,3.063900253,3.971191838
556,0.1218,92,10,2.626535885,1.686059367,2.563496373,4.056264377
557,0.1802,88,14,2.610117023,2.410357769,2.165820658,3.591777632
558,0.1366,92,10,2.538566028,3.000652087,1.856216332,3.878325068
559,0.1662,91,11,2.581271751,3.382533058,2.359801384,3.875135141
560,0.1774,89,13,1.928047626,3.396574974,2.24674953,3.811410725
561,0.1714,92,10,1.914716405,3.415290801,2.190541415,3.250213787
562,0.1508,90,12,1.808642807,3.825521457,2.119665826,3.526159081
563,0.1912,89,13,1.280152952,3.959056201,2.57614676,4.124267179
564,0.1554,91,11,1.163020967,3.954181499,2.588103643,3.670680456
565,0.1403,91,11,1.069884648,3.704248488,2.792436609,3.784888658
566,0.1349,93,9,1.276538855,3.769851468,2.687146918,3.502007729
567,0.1528,90,12,1.48030642,3.167578354,2.487526713,3.493237798
568,0.1469,93,9,1.99738688,2.584239968,3.117037121,2.922345893
569,0.1337,92,10,1.884248337,2.244201558,2.650047795,2.839588243
570,0.1564,93,9,1.857926108,2.283668928,2.70164013,3.214228933
571,0.1508,93,9,1.989085778,2.299564186,2.787490783,3.265543277
572,0.137,93,9,2.180169934,2.052063356,3.193976855,2.925248863
573,0.121,93,9,2.01086855,2.015691778,2.752092821,2.251968939
574,0.2562,93,9,2.687805034,2.161310704,2.776824943,2.559372648
575,0.1245,90,12,3.340424296,2.584520584,3.072752144,2.412871984
576,0.1289,91,11,3.324745887,2.488311657,3.126787978,2.263114688
577,0.1518,91,11,3.13272618,2.367000881,3.240213636,2.368086854
578,0.1918,91,11,2.786257941,2.232086613,2.68611273,2.814476478
579,0.1435,90,12,2.849925472,2.113617771,3.040657792,3.275543059
580,0.2221,91,11,2.901496172,2.11401072,3.506570116,2.801072078
581,0.1678,89,13,2.779422941,2.059427921,3.527957608,2.842259682
582,0.2413,90,12,2.625171755,2.032492814,3.04324455,3.437244445
583,0.2277,93,9,3.091405333,1.934011658,3.34507524,4.156783573
584,0.1569,93,9,2.542792281,1.776543667,3.298008236,3.822400367
585,0.1771,93,9,1.892266612,1.197528124,2.729015528,4.234826871
586,0.1509,92,10,1.817634319,1.154863223,3.175782396,4.311688579
587,0.1815,90,12,1.873442825,1.116464812,3.311175247,4.316710885
588,0.1699,93,9,1.820535316,1.245817629,3.739917934,3.829580763
589,0.16,92,10,2.482679409,1.272440837,3.991953319,3.48440975
590,0.1719,93,9,3.102723574,1.375476975,3.378028586,3.906939249
591,0.1639,91,11,3.24995408,1.593663558,3.211444337,3.949154029
592,0.1621,91,11,3.816227692,1.654140278,3.28217641,4.020413873
593,0.2906,92,10,3.411237347,2.18228254,3.330213808,3.718022503
594,0.1598,87,15,3.691791416,2.293013725,3.319764761,3.72385256
595,0.1764,93,9,3.914717557,2.686468788,3.344243714,3.320071871
596,0.1477,93,9,4.323686438,2.775327538,3.527860716,3.802633476
597,0.1577,87,15,4.257720429,3.336070706,3.441691654,3.833407096
598,0.1865,89,13,4.29260548,3.639797003,2.909707318,3.735119308
599,0.1636,88,14,3.66475372,3.82947138,2.213677001,4.164059449
600,0.179,91,11,3.020969991,4.059136939,2.678670035,4.015814474
601,0.1789,90,12,2.889416373,3.9807265,2.751412396,4.088208096
602,0.2574,85,17,2.285626199,3.856397019,2.718359573,3.922184353
603,0.1622,85,17,2.314174255,3.365505182,2.288904269,4.225759161
604,0.162,93,9,1.951042697,3.28489618,2.427281788,4.810672896
605,0.1524,88,14,1.761336588,3.335454577,2.547561003,5.016080825
606,0.21,89,13,1.655162555,3.304470978,1.94726491,4.480529945
607,0.1243,91,11,1.782820655,2.795815447,2.043497248,4.44967562
608,0.1806,89,13,2.084803908,2.507757868,2.434339945,4.564881852
609,0.1151,92,10,2.048623401,2.392864133,2.45941585,4.10983182
610,0.1643,87,15,2.472605205,2.091615181,2.542288725,3.998142198
611,0.1262,90,12,3.1105107,2.081948995,2.971171304,3.810468998
612,0.1976,91,11,3.234751225,2.066163351,3.074433341,3.26813471
613,0.2093,90,12,3.204150782,2.109266104,3.147412324,2.609655278
614,0.212,75,27,3.608758761,2.133102637,3.028775649,1.934639861
615,0.1636,92,10,3.74507581,1.838390599,2.95614468,1.861387642
616,0.1257,93,9,3.496061662,1.786947853,2.977887602,1.854495977
617,0.1683,92,10,3.455004542,1.731818046,2.767907945,1.854493381
618,0.1493,88,14,3.593144792,1.553229639,2.36361808,1.765136178
619,0.1573,90,12,3.54456344,1.660596042,2.356763547,1.828113195
620,0.1768,93,9,3.188677319,1.509647583,1.853985899,2.337551185
621,0.116,90,12,2.963987212,2.137801593,1.437895508,2.263913314
622,0.1469,92,10,2.971753065,2.68941135,2.02750833,2.383054779
623,0.1714,91,11,2.978742333,2.795280267,2.585530037,2.727634475
624,0.1611,87,15,2.60458664,2.800586629,3.013134014,2.683947287
625,0.1219,83,19,2.446717528,2.664002174,3.059762261,2.925959071
626,0.1366,93,9,2.273339881,2.679203211,3.062325832,2.910095847
627,0.1283,87,15,2.211015508,2.848028333,3.720381474,2.961081122
628,0.1559,88,14,2.395704996,3.007124325,4.133954924,3.280640058
629,0.1569,89,13,2.517071861,3.273939833,4.175902296,3.14647263
630,0.1313,88,14,2.550575172,3.916935932,4.191564723,2.483570455
631,0.1467,93,9,2.218416614,3.264107786,4.245559231,2.663211561
632,0.1331,88,14,2.126824421,2.772550234,4.151575848,2.70356368
633,0.1338,91,11,2.532427484,3.025812142,3.578193608,2.959822227
634,0.1257,91,11,2.670496068,3.104659067,3.528637998,3.586191847
635,0.1397,93,9,2.886118612,3.125363073,3.576252152,3.281545872
636,0.14,91,11,3.051259117,3.21135136,3.61461472,3.361440516
637,0.1594,93,9,3.690678267,3.691681934,2.932167961,3.297125676
638,0.1255,89,13,3.025832476,3.709676767,3.270235713,3.583369757
639,0.116,90,12,2.937758531,3.350345408,3.755223341,4.168359952
640,0.1441,92,10,2.84598605,3.176212702,3.876761553,4.232940092
641,0.1523,88,14,2.765845235,3.158619258,3.761161214,4.219981783
642,0.1304,93,9,3.218018991,3.120189716,3.68920565,4.160462196
643,0.185,92,10,2.857817161,2.772728638,3.977105707,3.557063752
644,0.1361,92,10,2.664747501,2.717437107,4.095245136,3.00051694
645,0.1705,91,11,2.568755807,2.728214027,4.055712333,3.056356031
646,0.1424,91,11,2.421081446,2.666185571,4.109965603,3.416346616
647,0.1101,91,11,1.768565535,2.489633092,4.153558863,3.716021715
648,0.112,92,10,1.663393757,2.43683901,3.365621853,3.133932316
649,0.1748,91,11,1.587820723,2.34079939,3.431597322,2.682576449
650,0.1212,89,13,1.582588505,1.875569444,3.435996517,2.626770165
651,0.1575,89,13,1.695154646,1.843592891,3.563285153,2.890796842
652,0.1918,90,12,1.234622037,1.972069461,3.411464253,2.930959391
653,0.1551,89,13,1.574492615,2.372478907,3.752176494,2.94935752
654,0.1803,85,17,2.0037341,2.298706329,3.350240752,3.419766839
655,0.1959,92,10,2.174566782,2.213957595,3.830592884,3.381868172
656,0.1508,92,10,2.382862344,2.651362352,3.600614752,3.038023969
657,0.1654,92,10,2.540628315,2.303221449,3.753102663,2.850166814
658,0.2164,92,10,2.984771133,2.781139509,4.40892728,2.797217167
659,0.1466,90,12,3.096140379,2.868580803,3.870204468,2.763763475
660,0.1917,89,13,3.224657002,3.519250238,3.805299551,2.857015231
661,0.1225,90,12,3.148316104,3.849650116,3.752726568,2.530608047
662,0.1721,85,17,3.146345189,4.23517695,3.888145205,2.423581707
663,0.105,90,12,2.757338104,3.902937806,3.246703362,2.925174609
664,0.1655,90,12,3.05470789,4.034660618,3.819937904,2.440585505
665,0.1209,85,17,2.875082014,4.563703879,3.91101966,2.759994824
666,0.1657,91,11,3.094288711,4.139224327,4.168995825,2.659937697
667,0.2638,93,9,3.362709892,4.617981094,3.984079027,2.567160185
668,0.1461,90,12,2.955419305,4.187708104,3.535028678,3.27456323
669,0.2003,93,9,2.941477921,4.716445507,3.535751195,3.223875997
670,0.1301,87,15,2.835895927,4.198164093,4.18479845,3.114790363
671,0.2213,87,15,2.879698846,3.896258648,4.308496543,3.493561488
672,0.2556,91,11,2.930586885,3.469671984,3.896163283,3.441990429
673,0.1719,90,12,2.935677508,3.409957284,3.878118162,2.997137418
674,0.2342,90,12,2.289521508,3.40873121,3.603840834,3.15857785
675,0.1911,89,13,2.684161835,2.94285141,3.37294997,2.851577954
676,0.1597,88,14,2.440025134,2.902143951,3.362171192,2.879781969
677,0.1792,91,11,2.187478955,2.308141548,3.378763294,2.940125691
678,0.1541,89,13,2.61104794,2.217096198,3.711104696,2.938577172
679,0.2012,93,9,2.605230966,1.61137517,3.742743103,2.874537016
680,0.1599,91,11,2.564653184,1.954885196,3.022690581,3.274976486
681,0.3073,84,18,2.519000826,1.913083976,3.320116331,3.561968538
682,0.1427,89,13,2.46661474,1.876846966,3.263680347,4.251505093
683,0.1564,90,12,2.372181388,2.249073716,3.23923385,4.254075754
684,0.2557,91,11,2.505805335,2.795394507,3.018609502,4.12676117
685,0.1129,93,9,1.999489856,2.774306336,2.705301155,4.048202907
686,0.1619,92,10,1.790584188,3.219044756,2.656838733,4.047164172
687,0.1503,87,15,1.589114976,3.263863444,3.085300233,3.846907051
688,0.1734,89,13,1.811773232,3.307013629,2.601439177,3.756430342
689,0.1354,91,11,1.723499843,3.349629798,2.621773552,3.823926363
690,0.2303,90,12,2.113962924,3.262339795,2.660654399,3.953717986
691,0.1873,90,12,2.455618245,3.384954783,2.22232436,3.256777491
692,0.1693,93,9,2.931502022,3.419216469,2.152673212,2.702420253
693,0.2003,93,9,3.124727263,3.053809906,2.542544969,3.035974712
694,0.137,92,10,3.272360142,2.849995287,2.376407005,3.328644233
695,0.1061,93,9,3.442835871,2.87832772,2.876511805,3.837561747
696,0.1263,90,12,3.556601674,2.43195065,2.733159873,3.821313811
697,0.1066,90,12,3.700556439,2.503658266,2.273856071,3.980581372
698,0.1059,88,14,3.464835737,3.142667958,2.235392282,3.506352977
699,0.1209,92,10,3.540573194,3.15712395,2.079242304,3.5926664
700,0.1308,91,11,3.308320262,3.480746182,2.027568433,3.183729915
701,0.1467,85,17,2.969331939,3.349184711,2.472115882,3.69552148
702,0.1723,92,10,2.533589745,3.39136036,2.474112267,3.681447468
703,0.1346,91,11,3.01446293,3.39118908,2.7031336,3.341142387
704,0.1324,91,11,2.723637159,2.912494965,2.769377825,2.982488194
705,0.3021,89,13,2.613084393,2.842655842,2.250831171,2.876774474
706,0.2342,84,18,2.953063191,2.812667207,2.316373215,3.388200758
707,0.2178,86,16,2.963150989,2.852152468,2.469977993,3.241053387
708,0.2588,91,11,2.621472526,2.823986468,2.951510384,3.165055236
709,0.195,90,12,2.630765666,2.893551123,3.57370212,3.383991163
710,0.2127,93,9,2.919127089,2.242726271,3.713638672,3.428497028
711,0.1581,92,10,2.933915344,2.283974798,3.331769413,3.378511543
712,0.115,93,9,2.907912516,2.231201513,3.382757057,3.334357445
713,0.1054,93,9,2.236114322,2.183278345,2.780675752,3.26247295
714,0.1244,81,21,2.146699073,2.354242905,2.742167579,3.334525024
715,0.1759,89,13,2.541621159,2.494005161,2.813420278,2.907809221
716,0.188,89,13,2.516921617,2.665386998,2.780021319,2.574088959
717,0.1161,92,10,2.412610903,2.585833268,2.663183593,2.554946144
718,0.106,92,10,2.478178007,1.874422713,2.196051903,2.481283127
719,0.1858,91,11,2.562255646,1.810291487,1.534925953,2.846649925
720,0.146,92,10,2.226697421,2.509549336,1.495664582,2.897816003
721,6.6703,91,11,2.260170092,2.501761906,1.602377984,2.411638783
722,0.1313,91,11,2.283594439,2.564918263,2.067149282,2.464882104
723,0.1576,92,10,2.30256816,2.672417862,2.178596444,2.851401889
724,0.2091,87,15,2.367355009,2.644726893,2.115691297,2.767683554
725,0.1227,82,20,2.397978511,3.104488626,2.73190857,2.854314949
726,0.3332,93,9,2.009457249,3.128242715,2.850149483,3.389227932
727,0.211,81,21,2.655993467,3.118807175,2.956566305,3.538298466
728,0.1931,93,9,2.79433083,3.15173024,3.086178722,3.571540334
729,0.2894,91,11,3.126598528,3.126079273,3.25772632,3.354231224
730,0.179,91,11,3.245999265,3.070114169,3.583292105,3.810799759
731,0.2223,91,11,3.489805125,3.191578103,3.367608228,3.74997426
732,0.1599,89,13,3.464009758,3.075306735,2.906467608,3.719397551
733,0.2069,91,11,3.646105865,3.077194682,2.766475864,3.397586586
734,0.1005,91,11,3.597224637,3.363824314,3.37363518,3.369716034
735,0.1612,82,20,3.303098687,2.824175909,2.628246252,3.387756518
736,0.1554,92,10,3.476461974,2.761646341,2.491277238,2.777787222
737,0.1254,93,9,2.94962976,2.776417098,2.899861009,2.71350091
738,0.1602,91,11,2.754747153,2.793732127,2.771523043,2.756564843
739,0.125,91,11,2.33332637,2.758727368,2.602837904,2.892363025
740,0.261,83,19,2.159417337,2.529028213,2.313316675,2.274102715
741,0.1472,92,10,1.870704267,2.418494235,2.527408227,2.91041286
742,0.186,93,9,1.980425747,2.94409276,2.446855678,3.524710716
743,0.1357,92,10,1.816544429,2.824293925,2.399606239,4.023174171
744,0.1925,91,11,1.830761499,2.431544495,1.775234687,4.580671202
745,0.1456,91,11,1.738764353,2.489437403,1.72238416,4.505282935
746,0.12,90,12,1.548051563,2.547328569,1.743008507,4.504761796
747,0.1359,92,10,1.399144145,2.623372981,1.949804262,4.978565415
748,0.1824,93,9,1.287753888,2.747661303,2.111412706,5.106835471
749,0.1562,92,10,1.195740413,2.701944536,2.263414334,4.552030202
750,0.1357,92,10,1.150380639,2.203263583,2.178674826,4.707881539
751,0.1599,84,18,1.114515853,2.085940989,2.539545459,4.206902186
752,0.1253,89,13,1.203350095,1.437830309,2.619006025,3.500542564
753,0.1701,89,13,1.653743619,1.616027381,2.755272527,3.013570306
754,0.2053,90,12,1.808383061,2.048691464,3.496051968,2.959030791
755,0.2065,90,12,1.841985978,2.079585843,3.628408505,3.382641736
756,0.1317,86,16,1.828863823,1.919843954,3.694230558,3.409558059
757,0.1512,87,15,1.834886151,1.775567901,3.037435119,2.850416056
758,0.1629,87,15,1.840884919,1.60234742,3.3404243,2.842695739
759,0.2442,91,11,2.065876832,2.23520182,3.324477936,3.211022011
760,0.1655,89,13,2.550281703,2.837981072,3.323529605,3.463272035
761,0.146,93,9,3.302918227,3.232461527,3.222837655,3.381980704
762,0.1694,87,15,3.071749576,3.337848778,3.157370637,3.933830467
763,0.1771,90,12,3.306287365,3.231521686,3.040223778,3.87423248
764,0.1762,92,10,3.339012746,3.201297998,2.333655475,3.394065217
765,0.1783,92,10,3.362864508,3.180658626,2.94165866,2.921265449
766,0.1389,92,10,3.477781964,3.355038792,2.900477726,3.209433587
767,0.1613,89,13,3.620333736,3.368731314,2.939002924,3.628277042
768,0.1542,90,12,3.89653096,3.373486784,2.573391545,4.142433311
769,0.1502,87,15,4.170557784,2.974623073,2.502397301,3.790597601
770,0.105,87,15,3.769601433,2.537254017,2.537555774,3.379736559
771,0.1823,87,15,3.698908473,2.234534779,2.188606211,3.41700358
772,0.111,91,11,3.849971677,2.248355817,2.314289342,3.469545451
773,0.1334,83,19,3.195545817,2.154367295,2.352395186,3.483895724
774,0.2718,90,12,3.091782157,1.724806328,2.389678204,3.575353885
775,0.1474,91,11,3.40027512,2.117647409,1.689031419,3.66955011
776,0.1059,93,9,3.382260281,1.922326382,1.635502335,3.272010253
777,0.1856,91,11,3.677745486,2.076493955,1.682215651,3.431068836
778,0.1985,93,9,3.573401299,2.770127529,1.65328159,3.265664935
779,0.1823,87,15,3.159483618,2.62183209,1.665917493,3.201619826
780,0.1262,91,11,3.088419019,2.590206733,1.627030492,3.137275185
781,0.1763,91,11,2.49439886,2.62124042,1.941459793,3.061552954
782,0.1305,93,9,2.773333561,2.614728635,1.880991142,2.46238052
783,0.1551,91,11,2.694345816,3.037143464,1.869805024,2.346910217
784,0.1594,89,13,2.57406986,3.441854741,1.854326985,2.258554908
785,0.1621,93,9,2.323845153,3.108750954,2.544141252,2.368150565
786,0.1768,92,10,2.230628605,3.175437898,2.717397381,2.871837655
787,0.1596,93,9,1.800215858,3.087853518,2.612847057,2.292755602
788,0.1364,91,11,1.807398813,2.425345306,2.591200638,1.909877579
789,0.137,87,15,1.762166943,2.452847705,2.71040767,1.845208879
790,0.1617,92,10,1.898136968,2.510812037,2.737459523,2.012418711
791,0.1107,93,9,1.879067389,2.516371809,3.064901226,2.514175077
792,0.2199,92,10,1.60460255,3.190950437,3.613455529,2.943803393
793,0.1957,92,10,1.722877121,3.152540897,4.254981775,3.136082099
794,0.1462,87,15,1.790584694,3.177663155,4.348773796,3.756249018
795,0.1538,91,11,1.664106534,3.410620613,3.836239494,4.030110986
796,0.1912,87,15,1.768455018,3.516576283,4.152748792,3.956706001
797,0.1039,91,11,1.798732875,3.544911546,4.203277286,4.11647583
798,0.1802,84,18,2.096382908,3.578575771,4.500066682,4.04773447
799,0.1702,87,15,2.271552605,3.552960273,4.532262323,4.2309121
800,0.1799,91,11,2.147331727,4.069484641,4.641472877,4.130066794
801,0.1997,84,18,2.796633183,4.004324316,3.935455477,3.652956105
802,0.1813,92,10,2.81532717,3.434807021,3.438463431,3.19359397
803,0.2766,93,9,3.132338314,3.657868922,2.912646183,3.121860162
804,0.16,86,16,3.108749151,3.280483065,3.240853451,2.521545226
805,0.1532,91,11,3.545191647,2.9967894,3.109658933,2.486718053
806,0.3385,88,14,3.885145344,2.868288862,2.692665556,2.021297178
807,0.1461,91,11,3.930006785,3.148034588,2.707427181,2.286549812
808,0.1907,93,9,3.626208935,3.190230639,2.46124438,2.277007548
809,0.178,88,14,4.145269914,3.20915477,2.311764692,2.189234032
810,0.1937,89,13,4.172015889,2.730363218,2.197725377,2.181867113
811,0.2052,87,15,3.494692733,2.79086473,2.240354256,2.281926194
812,0.1926,86,16,3.778134444,3.254560796,2.106378724,2.379190626
813,0.1103,90,12,3.810601542,2.784611193,1.908717137,2.945772833
814,0.1391,88,14,3.822233133,3.333843314,2.19610012,3.50657975
815,0.1255,92,10,3.406310077,3.29137232,2.341605538,3.700540188
816,0.1609,89,13,3.44687931,3.727506965,2.270743658,3.873297028
817,0.1564,92,10,3.459166215,3.91348443,2.126773493,3.833097089
818,0.1468,89,13,3.385907169,3.81532478,2.513943951,4.142211259
819,0.1804,89,13,2.810262688,3.831277953,2.627099698,4.728018324
820,0.1408,87,15,3.328853552,3.714582795,2.630479444,4.751484417
821,0.1396,91,11,3.427461279,4.364413565,3.220454828,4.762286131
822,0.2603,92,10,3.079410293,4.108605561,3.328248002,5.271147634
823,0.121,89,13,3.220141228,4.130378484,3.353570218,4.697182708
824,0.1202,93,9,3.312853763,3.654489024,3.367329636,4.529907129
825,0.1705,89,13,3.318511941,3.684558288,3.386781161,4.596871343
826,0.1105,89,13,3.493936439,3.340375953,3.928443422,4.838800787
827,0.1333,89,13,3.506514942,3.420828989,4.101344842,4.579271468
828,0.2059,85,17,3.48371982,3.976860513,4.015717327,4.369695099
829,0.1729,92,10,3.798241626,3.952168424,4.570048718,3.783554225
830,0.1555,87,15,3.281875678,4.563851299,4.544967765,3.759817748
831,0.1401,91,11,3.581927221,3.966713054,4.046924929,4.23215049
832,0.1187,91,11,3.53580613,3.721775451,4.029067566,3.819872761
833,0.2335,90,12,3.068244755,3.659647897,4.168090972,4.29610122
834,0.1205,90,12,2.967255786,3.628158103,3.497618027,4.045954584
835,0.2386,86,16,2.883653481,3.628614024,3.386219453,3.400234541
836,0.2735,93,9,2.283878966,3.583296185,2.933411685,3.4314635
837,0.1533,89,13,2.393903536,3.580403118,3.390125911,3.35204571
838,0.1046,92,10,2.412147892,3.099803723,3.628156883,3.348977799
839,0.331,89,13,1.983115133,3.080219081,2.967192522,3.636492969
840,0.2535,93,9,1.939363418,2.415697846,2.974271825,3.765288504
841,0.1311,91,11,1.666523602,2.377679469,2.83154307,3.328379215
842,0.1824,89,13,1.633443264,2.231868732,2.759746051,3.266186835
843,0.1995,93,9,1.68698203,2.091378319,2.774989411,2.748766716
844,0.1366,93,9,1.751059722,2.734349649,2.847053342,3.00422314
845,0.1404,90,12,2.499834485,2.65615969,2.851060702,3.560296704
846,0.1311,88,14,2.443228648,2.683694874,3.23687968,3.261799168
847,0.2108,88,14,2.814144032,2.148293125,2.729819983,3.307581046
848,0.1463,81,21,2.745054555,2.159383263,2.257434187,3.285977628
849,0.126,89,13,2.827837368,2.742235561,2.230677464,3.470929757
850,0.2192,88,14,2.942544229,2.761465285,2.194657417,3.422553405
851,0.1553,91,11,3.0253394,2.855191486,2.256433155,3.447697273
852,0.1418,92,10,3.224709621,3.006074542,2.243335519,3.320964355
853,0.1156,88,14,3.056272927,3.132678147,2.665804907,3.32349356
854,0.23,88,14,3.682717335,2.47664694,3.206206587,3.12006616
855,0.1412,88,14,2.965341008,2.636680968,3.088461796,3.144605595
856,0.12,93,9,3.16265214,2.677317888,3.375692302,3.559793548
857,0.1272,91,11,2.593012199,2.658344367,3.417675988,4.159862458
858,0.1925,89,13,2.577382401,2.653470315,3.377154908,4.055584912
859,0.1608,90,12,2.658448152,2.12497381,3.418628491,4.018433788
860,0.1606,92,10,2.670454363,2.196430542,3.990540321,4.074693655
861,0.2073,86,16,2.492356986,2.045818,3.940685241,3.996867763
862,0.1156,91,11,2.317034906,2.106252689,3.976132621,4.14338599
863,0.1361,85,17,2.460094367,2.046172393,4.109334952,4.081359228
864,0.175,88,14,1.751296081,2.648806964,3.472650321,4.053657292
865,0.1935,86,16,1.69457139,2.916565434,3.572230152,3.394851742
866,0.149,93,9,1.482218156,2.861572359,3.413310812,2.811212111
867,0.1913,86,16,1.916556151,2.862613892,3.45911847,2.700523125
868,0.2625,93,9,2.017097204,2.886022795,3.500345363,3.222836225
869,0.1961,91,11,1.905779692,2.87436567,3.464152657,2.894312368
870,0.179,91,11,2.205438805,2.864075755,3.041034088,2.867656978
871,0.1251,92,10,2.196857197,2.97541405,3.011717997,3.353385165
872,0.2033,93,9,2.189906094,2.831227664,2.985333515,3.491179355
873,0.1562,93,9,2.730789398,3.479569026,2.261497099,3.678316305
874,0.1089,90,12,2.826552297,2.855121338,2.183249951,3.642908885
875,0.2263,92,10,2.9504588,2.842637696,2.468914536,3.643204651
876,0.141,87,15,3.06916558,2.803927803,2.374435491,3.79842092
877,0.17,93,9,2.743945789,2.790664901,2.740509716,3.296899748
878,0.1826,92,10,2.722440241,2.712510012,2.791803988,2.690558613
879,0.1254,85,17,2.808357826,3.184873434,3.016740204,2.484674283
880,0.1656,93,9,2.780373653,3.151769312,3.087081324,2.277645685
881,0.2063,93,9,2.719385549,3.580261919,3.801455151,2.18866816
882,0.147,87,15,2.669985184,3.850357208,3.997490433,2.466368953
883,0.1607,92,10,2.652456021,3.402002595,4.209967187,2.270773246
884,0.1832,90,12,2.791625459,3.520117976,4.993505055,2.672021141
885,0.1334,91,11,2.888035746,3.189431771,5.143843918,2.740839006
886,0.3011,89,13,3.168705667,3.136836482,5.163847526,2.737490557
887,0.1387,88,14,3.291914901,3.380650077,4.806084181,2.762295627
888,0.16,91,11,3.557592127,3.557766836,4.735901614,3.242889376
889,0.1904,93,9,3.630201968,3.016549821,4.584460749,3.774823271
890,0.1943,89,13,3.372466134,3.018907855,5.025843535,4.013216267
891,0.1915,92,10,3.478156945,2.877776761,4.386364209,3.681909061
892,0.1765,88,14,3.577331322,2.615979201,4.268366232,3.267070256
893,0.2458,92,10,2.950476475,2.556788125,4.135173061,3.371512849
894,0.1579,90,12,3.146923098,3.05717096,3.797631366,3.569511623
895,0.2561,93,9,3.617337932,3.076072674,3.387141256,3.69253012
896,0.1928,91,11,3.304147609,3.473679906,2.953061274,3.723017829
897,0.1889,90,12,3.592356307,3.233910555,2.829806944,3.858833696
898,0.1447,87,15,3.850384777,3.113480224,2.729970937,3.51736204
899,0.1913,91,11,3.720015022,3.50146913,2.629895388,3.066199326
900,0.172,91,11,3.729760151,3.516098445,2.401622355,2.881943605
901,0.1672,89,13,3.995880384,3.729155841,2.496593577,2.788202572
902,0.1678,88,14,4.290965427,3.709108984,2.507302567,2.771497715
903,0.1463,93,9,4.365840641,4.156685183,2.509537847,2.773205802
904,0.1455,87,15,4.337449294,3.634918116,2.081189734,2.107318454
905,0.1364,90,12,3.797435822,3.918962337,2.054586349,2.037755225
906,0.1726,92,10,3.854086707,3.646186709,1.934530036,2.63636634
907,0.2778,93,9,3.452632912,4.172492368,1.886999588,2.47228867
908,0.1718,91,11,2.934310684,4.131354901,1.922237852,2.429052044
909,0.1836,88,14,3.644011138,3.742806361,2.141835562,3.044791028
910,0.1113,89,13,3.514143687,3.6568878,1.694245977,3.208140491
911,0.1009,93,9,3.162487857,2.991940338,1.595457493,3.194801303
912,0.1659,93,9,3.235747125,2.922360893,1.591331293,3.15909812
913,0.1423,90,12,3.157227831,2.412043208,1.550477554,3.049826295
914,0.1443,85,17,2.894390824,2.207414736,1.601344685,2.965114374
915,0.2004,79,23,3.21038014,1.740746091,1.533286138,2.990514641
916,0.1759,93,9,3.249285081,1.593081741,2.117981195,2.782044328
917,0.2028,93,9,3.275422681,1.093041822,2.074760475,3.150084043
918,0.171,93,9,3.347666232,1.543313972,2.005432384,3.140739731
919,0.1257,92,10,2.571176315,1.544379449,1.874837408,2.430741574
920,0.2173,90,12,2.952891238,1.911432818,1.855164553,2.224743432
921,0.1557,89,13,3.0219638,2.392359111,1.787389073,2.654483734
922,0.196,92,10,2.61580991,2.487631481,1.705740563,3.137482649
923,0.1561,91,11,2.647280421,2.472713244,2.414363988,3.269497525
924,0.171,81,21,3.145829796,2.952083537,2.37588237,3.33144792
925,0.1865,89,13,2.791654095,3.093619984,2.519894369,3.357991166
926,0.1152,91,11,2.683701369,3.279241465,1.950377215,2.893246035
927,0.1553,89,13,2.551073956,3.289391541,1.946737814,2.523768944
928,0.1223,87,15,2.39923931,2.930738651,1.933404605,2.64091015
929,0.1759,91,11,2.55672495,3.509271958,1.7940661,2.73452938
930,0.1588,93,9,2.618530804,3.374626202,1.835598892,3.32584667
931,0.17,90,12,2.984939195,3.485162111,2.269752077,2.96640637
932,0.1362,85,17,2.966211955,3.581957934,2.774269978,2.593789253
933,0.1356,90,12,2.899710726,3.701140607,2.698512878,3.005536718
934,0.1345,90,12,2.33690565,3.350344017,2.797258628,3.664681544
935,0.1647,89,13,2.975985979,3.379667455,2.799174753,3.583052092
936,0.1735,93,9,2.969451707,3.257588556,2.848691489,3.539250852
937,0.1618,89,13,2.976036566,3.150277923,2.885382953,3.661071983
938,0.1916,90,12,3.02544375,3.080484229,3.039629076,4.168098225
939,0.2386,87,15,2.946367286,2.548980517,3.162274323,4.322759444
940,0.1155,89,13,2.572402888,2.741114805,3.213607977,4.220835757
941,0.111,88,14,2.181499116,2.221623499,2.739360965,4.672027405
942,0.1767,87,15,2.246095599,2.135503747,2.192014343,4.666002718
943,0.1258,91,11,2.634658386,2.456029267,1.557535883,4.483602295
944,0.2359,88,14,2.651661484,2.476996994,1.640813903,3.811239062
945,0.1884,93,9,2.087623409,2.397859426,2.206108329,4.039064171
946,0.2936,92,10,2.124507254,2.379608476,2.248566835,4.311736492
947,0.1923,88,14,2.236442583,2.358370527,2.243279644,4.836643678
948,0.1527,90,12,2.910895635,2.736839009,2.249533099,4.260623342
949,0.1312,92,10,2.829757701,2.741711354,2.304175505,4.260006886
950,0.1603,89,13,2.814570278,2.406682951,2.978815107,3.916485673
951,0.1258,89,13,3.274224591,2.750193274,3.018599077,3.525003171
952,0.1255,93,9,3.222951242,2.873614609,3.180430024,3.931024006
953,0.1567,83,19,2.846379277,2.757963149,3.935469042,4.233132964
954,0.1949,93,9,2.753196398,2.799274008,3.753354988,4.328321814
955,0.2115,91,11,2.734526636,2.921724966,3.010889199,4.115975233
956,0.1556,90,12,2.637370837,2.999169837,2.91047771,3.913884964
957,0.162,92,10,2.981812347,3.099079857,2.871480814,3.279033554
958,0.1355,91,11,2.260707942,2.715084075,2.774528499,3.322168788
959,0.1826,90,12,2.445776056,2.675318252,2.711544306,3.769377169
960,0.13,89,13,2.3966285,3.200291456,1.920988961,3.751224337
961,0.1528,82,20,1.971215185,3.218066861,2.017969952,4.154812951
962,0.2149,86,16,1.914672061,3.101969224,1.844991313,4.107439329
963,0.1759,87,15,1.91557889,2.721860394,1.042940019,3.822450656
964,0.2285,83,19,2.403039805,2.666895077,1.134514697,4.420806992
965,0.2522,91,11,2.234334586,2.905878885,1.126184005,4.387706032
966,0.1548,90,12,2.257368057,2.945152398,1.144090263,4.41660652
967,0.2206,84,18,1.734767472,2.98304361,1.149133683,5.005923288
968,0.1595,91,11,1.751237355,3.013735493,1.268412931,5.008086148
969,0.1714,88,14,1.555484008,3.37218326,1.165509513,4.424992167
970,0.0962,89,13,1.473315003,2.865060177,1.181862464,4.979656451
971,0.1001,93,9,1.32316415,2.537004652,1.222154329,4.499249657
972,0.1668,93,9,1.456337307,2.607390395,1.244349259,4.113839618
973,0.1824,92,10,1.433489475,2.699707954,1.447187233,3.908227093
974,0.1568,93,9,1.044093351,2.71762077,1.504500555,3.356239759
975,0.1348,86,16,1.123096043,2.413933357,2.035197509,3.449420607
976,0.2011,92,10,1.78605619,2.877763964,2.122559531,3.401977063
977,0.1712,91,11,1.899263168,2.819945167,2.20789823,2.775323945
978,0.1376,85,17,1.98633521,3.190654738,2.752225064,2.653641498
979,0.1402,89,13,2.485600611,2.8655761,2.980481294,2.587157446
980,0.385,91,11,2.61812177,2.851994806,3.503086398,2.044339673
981,0.1949,93,9,2.777322644,3.236648611,3.459809636,2.398875956
982,0.1125,92,10,2.671354977,3.094439652,3.457269165,2.80148702
983,0.156,91,11,2.736304316,3.005099697,3.409000419,3.025858869
984,0.223,91,11,2.700597949,2.982347413,3.222887358,3.01343697
985,0.1294,93,9,2.640509098,3.323377215,2.850496569,3.290376572
986,0.2708,92,10,2.050148335,2.894491939,3.260099846,3.274298931
987,0.1052,93,9,2.019929815,2.995396513,3.361603891,3.274675172
988,0.1657,92,10,1.932545212,3.098809916,3.370532402,3.288388204
989,0.1421,90,12,1.432998506,3.207676283,3.275480189,3.300729933
990,0.2372,90,12,1.444215883,3.297876178,2.809621949,3.633080249
991,0.1497,86,16,1.778440797,2.929908757,2.702704873,3.396025021
992,0.1949,90,12,2.258633154,3.560033801,2.761387255,3.246653439
993,0.179,90,12,2.163469604,4.09814387,2.76277387,3.481630123
994,0.1363,88,14,2.272336625,4.070547911,3.058247495,3.401700157
995,0.13,91,11,2.391685605,3.673154828,2.923852237,3.433971923
996,0.1509,88,14,2.466616964,3.998494011,3.127637087,3.524504118
997,0.1202,91,11,2.54913659,4.021567545,2.978989161,3.654837439
998,0.1165,89,13,2.598299055,3.601033613,2.685213274,3.662194145
999,0.1664,91,11,3.270871149,3.818537379,2.64396158,3.751389416
1000,0.1642,92,10,3.251731718,3.802385992,3.15805442,3.475564283
