iter,time,reward,steps,convergence
1,52.205000000185464,-299.0,300.0,9.99
2,32.210600000098566,-299.0,300.0,9.791900000000002
3,46.01449999995566,-299.0,300.0,9.47176430184
4,17.680200000086188,-299.0,300.0,9.0224543863304
5,26.315099999919767,-299.0,300.0,8.468513354767625
6,15.735499999891545,-299.0,300.0,7.931107559592324
7,16.965900000059264,-299.0,300.0,7.436150266770795
8,7.2869999999056745,-299.0,300.0,6.917877972667364
9,9.865200000149343,-299.0,300.0,6.373330471510158
10,15.136299999994662,-299.0,300.0,5.804516312515363
11,19.450199999937468,-299.0,300.0,5.412820881017163
12,12.677199999870936,-299.0,300.0,5.052108579056071
13,12.575999999853593,-299.0,300.0,4.794960882050633
14,21.521500000062588,-299.0,300.0,4.625542027859159
15,14.64269999996759,-299.0,300.0,4.456234492837522
16,10.454600000002756,-299.0,300.0,4.239479873266838
17,10.05129999998644,-299.0,300.0,4.46888544483908
18,7.734000000027663,-299.0,300.0,4.576101110618792
19,10.43959999992694,-299.0,300.0,4.393458388809033
20,12.92820000003303,-299.0,300.0,4.501131910799329
21,9.713199999850985,-299.0,300.0,4.479608246475937
22,9.023399999932735,-299.0,300.0,4.4311370029765005
23,12.041599999975006,-299.0,300.0,4.707153959701616
24,10.131300000011834,-299.0,300.0,5.176248258986337
25,6.236400000034337,-299.0,300.0,5.520648986297838
26,13.318799999979092,-299.0,300.0,5.6037143946320365
27,11.740400000007867,-299.0,300.0,5.319836030930569
28,10.610999999926207,-299.0,300.0,5.211651156490307
29,6.998300000077506,-299.0,300.0,5.427951308895951
30,9.67439999999442,-299.0,300.0,5.189378191399298
31,7.655099999965387,-299.0,300.0,4.831859980684003
32,7.287700000006225,-299.0,300.0,4.69756197777555
33,6.191000000171698,-299.0,300.0,4.45861721878604
34,6.693099999893093,-299.0,300.0,4.088047326571212
35,13.276300000143237,-299.0,300.0,3.9654304818366213
36,6.86800000016774,-299.0,300.0,4.16669406470328
37,3.6920000000009168,-299.0,300.0,4.267409109451623
38,6.729700000050798,-299.0,300.0,4.506777430335598
39,4.427000000077896,-299.0,300.0,4.502421709732074
40,11.573199999929784,-299.0,300.0,5.028829474522876
41,9.446599999819227,-299.0,300.0,5.1999344459321195
42,7.087599999977101,-299.0,300.0,5.19913606329594
43,6.5457999999125605,-299.0,300.0,5.301176023134132
44,5.253300000049421,-299.0,300.0,5.183304199802379
45,3.752899999881265,-299.0,300.0,5.047074874606167
46,6.238299999949959,-299.0,300.0,5.2197051548714795
47,5.357199999934892,-299.0,300.0,5.104538792255278
48,5.927100000008068,-299.0,300.0,4.760078733419109
49,2.8309000001627282,-299.0,300.0,4.638342292504057
50,5.107299999963288,-299.0,300.0,4.2719388180306614
51,5.479499999864856,-299.0,300.0,4.341520828422331
52,3.1920999999783817,-299.0,300.0,4.590617113033351
53,6.272900000112713,-299.0,300.0,4.443440830712158
54,2.5493000000551547,-299.0,300.0,4.589461842381375
55,11.052299999846582,-299.0,300.0,4.5665244028562935
56,3.980100000035236,-299.0,300.0,4.084093138000332
57,3.595099999984086,-299.0,300.0,4.294723568365813
58,5.310600000029808,-299.0,300.0,4.312871404835268
59,5.237000000079206,-299.0,300.0,4.320795730119748
60,3.2290999999986525,-299.0,300.0,4.417675840273051
61,3.6018000000694883,-299.0,300.0,4.2602100550835615
62,4.959000000098968,-299.0,300.0,4.074395887123862
63,5.499999999983629,-299.0,300.0,4.127900577340796
64,2.758399999947869,-299.0,300.0,4.381323448169235
65,6.7375999999512715,-299.0,300.0,4.3329218497169615
66,2.796299999999974,-299.0,300.0,4.413800995995168
67,5.835999999817432,-299.0,300.0,3.916071534212122
68,9.462499999926877,-299.0,300.0,3.701094253696702
69,3.097799999977724,-299.0,300.0,3.5713856224426097
70,3.5455999998248444,-299.0,300.0,3.6084255389872575
71,3.913300000021991,-299.0,300.0,3.588060233895761
72,5.130099999860249,-299.0,300.0,3.7661439742538363
73,2.8313999998772488,-299.0,300.0,3.8088704556437714
74,5.662699999902543,-299.0,300.0,3.2962907497736937
75,3.1926000001476496,-299.0,300.0,3.3669732376793426
76,5.27420000003076,-299.0,300.0,3.4340945959771454
77,4.022800000029747,-299.0,300.0,3.8260187483811956
78,3.9454999998724816,-299.0,300.0,4.228600780964645
79,5.602899999985311,-299.0,300.0,4.477936208435205
80,2.591100000017832,-299.0,300.0,4.459286120534765
81,7.460600000058548,-299.0,300.0,4.682560018689918
82,5.958099999816113,-299.0,300.0,4.8639855203919655
83,6.575699999984863,-299.0,300.0,4.797397968590706
84,2.7595999999903142,-299.0,300.0,5.008689506679101
85,4.288699999960954,-299.0,300.0,4.861796719612782
86,4.398799999989933,-299.0,300.0,4.7032095343219
87,3.4940000000460714,-299.0,300.0,4.566178875814522
88,4.288399999950343,-299.0,300.0,4.492055264382442
89,3.4670999998525076,-299.0,300.0,4.620529416645743
90,3.389799999922616,-299.0,300.0,4.3626871443482385
91,2.5800999999319174,-299.0,300.0,4.252290424254921
92,4.356299999926705,-299.0,300.0,3.9507304968194696
93,2.881999999999607,-299.0,300.0,4.046362795352976
94,2.6826999999229884,-299.0,300.0,4.078367395657448
95,4.362299999911556,-299.0,300.0,4.057360872456877
96,5.493399999977555,-299.0,300.0,4.2147533466911
97,6.292100000109713,-299.0,300.0,4.256320990506579
98,2.6907999999821186,-299.0,300.0,4.163378646982098
99,4.534700000021985,-299.0,300.0,4.277131020261159
100,4.060199999912584,-299.0,300.0,4.411083713757559
101,2.4654999999711436,-299.0,300.0,4.231967153197658
102,2.3808000000826723,-299.0,300.0,4.236570954844761
103,5.947399999968184,-299.0,300.0,4.028926126727007
104,2.686199999970995,-299.0,300.0,3.8990260780685277
105,2.0282999998926243,-299.0,300.0,3.944297951569935
106,2.168600000004517,-299.0,300.0,3.8365369343671447
107,3.10300000001007,-299.0,300.0,3.738312826212885
108,2.851299999974799,-299.0,300.0,3.878337617110475
109,5.82099999996899,-299.0,300.0,3.817497518621986
110,2.5548999999500666,-299.0,300.0,3.8591966731521743
111,2.6078999999299413,-299.0,300.0,3.9435934359574327
112,2.65809999996236,-299.0,300.0,4.134981034875571
113,3.109700000095472,-299.0,300.0,4.176680427426716
114,3.1067999998413143,-299.0,300.0,4.053691681535671
115,2.575299999989511,-299.0,300.0,4.418898607120703
116,3.698700000086319,-299.0,300.0,4.661314755664882
117,3.8510000001679145,-299.0,300.0,4.995118702292389
118,1.548899999988862,-299.0,300.0,4.734910668798674
119,3.5129000000324595,-299.0,300.0,4.435244542864396
120,2.8933999999480875,-299.0,300.0,4.54978304968354
121,2.413800000113042,-299.0,300.0,4.597709031305448
122,3.3245000001898006,-299.0,300.0,4.459799006266893
123,2.510000000029322,-299.0,300.0,4.45817426388459
124,4.372800000055577,-299.0,300.0,4.739498444538111
125,4.92660000008982,-299.0,300.0,4.597832487666819
126,1.8046000000140339,-299.0,300.0,4.4363016126717945
127,5.894099999977698,-299.0,300.0,4.012307046152964
128,2.3080000000845757,-299.0,300.0,4.038831894669268
129,2.551499999981388,-299.0,300.0,3.9517245359555426
130,3.2886000001326465,-299.0,300.0,3.806952984439845
131,1.8899000001511013,-299.0,300.0,3.9761024800031577
132,2.223599999979342,-299.0,300.0,4.054154186220932
133,7.7263000000584725,-299.0,300.0,3.935518158208075
134,2.285400000118898,-299.0,300.0,3.8953089505251755
135,4.62550000020201,-299.0,300.0,3.6375178695285464
136,2.187499999990905,-299.0,300.0,3.653894858044539
137,3.3178000001043984,-299.0,300.0,3.7356094663495796
138,2.453600000080769,-299.0,300.0,3.7441430725322604
139,4.177400000116904,-299.0,300.0,3.9198542579453886
140,2.85859999985405,-299.0,300.0,3.6476043928853246
141,1.9730000001345616,-299.0,300.0,3.5408015167872184
142,1.937500000167347,-299.0,300.0,3.4070386965326547
143,4.857399999991685,-299.0,300.0,3.6602673953097167
144,1.7253000000891916,-299.0,300.0,3.389562752650697
145,2.5336999999581167,-299.0,300.0,3.633301386803626
146,1.7225999999936903,-299.0,300.0,3.634870403484927
147,4.351100000121733,-299.0,300.0,3.646189637931972
148,1.4187000001584238,-150.0,252.0,3.8008230470467637
149,3.2946999999694526,-299.0,300.0,3.698822257243635
150,2.5184000000990636,-299.0,300.0,3.9047210617152985
151,2.8938999998899817,-299.0,300.0,4.002107257930184
152,1.4962999998715532,-299.0,300.0,3.9370540070298774
153,2.521600000136459,-299.0,300.0,3.977802307543307
154,4.253600000083679,-299.0,300.0,4.161617186714729
155,2.0868999999947846,-299.0,300.0,3.9907066786248238
156,2.599099999997634,-92.0,194.0,4.0700264266101005
157,2.2323999999116495,-299.0,300.0,4.171745099817511
158,2.0405999998729385,-299.0,300.0,4.098811728523274
159,1.8383000001449545,-299.0,300.0,4.382134466777747
160,1.867200000106095,-299.0,300.0,4.416591349118014
161,4.306799999994837,-299.0,300.0,4.19792683102599
162,2.6129000000310043,-299.0,300.0,4.298463562326202
163,2.1417999998902815,-299.0,300.0,4.157248698682058
164,1.7524000002140383,-299.0,300.0,4.235624842756684
165,1.5931000000364293,-299.0,300.0,4.306578124994187
166,5.155199999990145,-299.0,300.0,4.211029078439979
167,2.022399999987101,-299.0,300.0,4.293980523203244
168,1.3361999999688123,-136.0,238.0,4.2534543820392745
169,1.6680999999607593,-299.0,300.0,4.143730828593276
170,1.8993000001046312,-299.0,300.0,4.181667034902956
171,1.3698000000204047,-299.0,300.0,4.338506791323146
172,4.036599999835744,-130.0,232.0,4.204294598780584
173,1.7694000000574306,-299.0,300.0,4.2189725963125495
174,2.3413999999775115,-299.0,300.0,3.9646185051612846
175,2.4511000001439243,-299.0,300.0,4.048313095944408
176,2.6261000000431522,-299.0,300.0,4.171691530279807
177,1.8623000000843604,-299.0,300.0,4.04501719932487
178,4.026800000019648,-299.0,300.0,4.006966386981807
179,1.6590000000178406,-299.0,300.0,3.840361866160894
180,2.390099999956874,-299.0,300.0,3.8029512608271445
181,4.437600000073871,-128.0,230.0,3.5381558926525742
182,1.9592999999531457,-299.0,300.0,3.5323050603418955
183,2.629299999853174,-299.0,300.0,3.404949225627869
184,1.8219999999473657,-49.0,151.0,3.428931278033177
185,3.455700000131401,-299.0,300.0,3.4728551382020854
186,3.482099999928323,-299.0,300.0,3.4833394590143927
187,1.7985000001772278,-299.0,300.0,3.514898835619559
188,3.1447000001207925,-299.0,300.0,3.632025762572578
189,1.5418000000408938,-299.0,300.0,3.5049011306919957
190,1.4272999999320746,-299.0,300.0,3.4648299452231286
191,1.9600000000536966,-299.0,300.0,3.664112953563334
192,1.2251000000560452,-299.0,300.0,3.7348033377443257
193,2.437999999983731,-299.0,300.0,3.9006401726074507
194,2.423799999860421,-299.0,300.0,4.085228331319376
195,1.9452999999884923,-299.0,300.0,3.972061316734352
196,2.0798000000468164,-125.0,227.0,3.887682809542981
197,1.357799999823328,-299.0,300.0,3.6945578858543358
198,0.9727999999995518,-299.0,300.0,3.48987832615405
199,2.0013000000744796,-299.0,300.0,3.748599723829691
200,1.9538999999895168,-299.0,300.0,3.673004542541218
201,1.6336999999566615,-299.0,300.0,3.6484119878881502
202,1.479100000096878,-299.0,300.0,3.6214839641894394
203,1.628700000082972,-299.0,300.0,3.6786281571987276
204,1.3846000001649372,-299.0,300.0,3.649593277948108
205,4.085100000111197,-299.0,300.0,3.5926729892684355
206,1.3845999999375636,-299.0,300.0,3.434178401355311
207,3.53850000010425,-299.0,300.0,3.58836698867169
208,1.962000000048647,-299.0,300.0,3.8071433388039195
209,1.9440000000940927,-299.0,300.0,3.7829646597945015
210,1.6502999999374879,-131.0,233.0,3.9404991740422424
211,3.0480000000352447,-299.0,300.0,4.062315832580275
212,2.2065000000566215,-299.0,300.0,4.0060893309984476
213,1.5415000000302825,-299.0,300.0,3.7358240283621447
214,1.4287000001331762,-48.0,150.0,3.8636987033402987
215,2.050599999847691,-299.0,300.0,3.667138693528917
216,3.2075000001441367,-299.0,300.0,3.578838506398138
217,1.425299999937124,-299.0,300.0,3.4874478282022885
218,1.4782000000650442,-299.0,300.0,3.422842355163408
219,7.224100000030376,-299.0,300.0,3.246876031868948
220,2.1908999999595835,-299.0,300.0,3.1512776752308573
221,1.3558000000557513,-299.0,300.0,2.8918392841519553
222,1.5776000000187196,-80.0,182.0,3.205271871578654
223,1.6576999998960673,-299.0,300.0,3.2915466406941065
224,1.1679000001549866,-85.0,187.0,3.0686285168552954
225,1.223099999833721,-299.0,300.0,3.266478955124785
226,2.1217999999407766,-299.0,300.0,3.4808318644354515
227,1.4065000000300643,-299.0,300.0,3.491128237323289
228,3.7167000000408734,-89.0,191.0,3.470653703699913
229,1.187500000014552,-160.0,262.0,3.4395255870997774
230,1.410000000078071,-55.0,157.0,3.393529152111376
231,3.7701000001106877,-138.0,240.0,3.596934523225836
232,1.3119999998707499,-299.0,300.0,3.303785917404261
233,1.352900000028967,-141.0,243.0,3.204214480867333
234,1.1331999999129039,-299.0,300.0,3.085144427807646
235,1.5965000000051077,-174.0,276.0,3.0938603787609655
236,1.5385000001515436,-299.0,300.0,2.9513819534268717
237,1.2229999999817665,-299.0,300.0,2.8980261325327925
238,1.5023000000837783,-141.0,243.0,2.7198665976481724
239,1.275500000019747,-299.0,300.0,2.7416083112842853
240,1.8536000000040076,-299.0,300.0,2.7127127441395675
241,1.5410000000883883,-299.0,300.0,2.512551303835845
242,2.0206000001508073,-299.0,300.0,2.547257515867468
243,4.569400000036694,-49.0,151.0,2.6127789246580564
244,1.0548000000198954,-91.0,193.0,2.784915670365562
245,1.1344999998073035,-299.0,300.0,2.841898631877089
246,1.3818999998420622,-299.0,300.0,2.9472799503713816
247,1.1712999998962914,-299.0,300.0,2.9492733130463775
248,2.477900000030786,-196.0,298.0,3.1763128528688287
249,1.2955999998212064,-97.0,199.0,3.2014190246544323
250,1.2034999999741558,-299.0,300.0,3.2163079439188698
251,4.20750000012049,-299.0,300.0,3.26737720724707
252,1.6106000000490894,-63.0,165.0,3.2787592428143357
253,2.085600000100385,-144.0,246.0,3.2323794182573407
254,1.6626000001451757,-299.0,300.0,3.121069192705421
255,2.2524999999404827,-35.0,137.0,2.970178317786532
256,2.599099999997634,-90.0,192.0,2.93303308742076
257,1.3863000001492765,-54.0,156.0,2.91737440382766
258,1.3601000000562635,-299.0,300.0,2.8692640938732006
259,1.4688999999634689,-57.0,159.0,2.984485643575229
260,1.173099999959959,-111.0,213.0,3.0062687349113744
261,1.1841000000458735,-105.0,207.0,2.878430900816171
262,1.1941000000206259,-299.0,300.0,2.870609702813349
263,4.211499999883017,-160.0,262.0,2.844375876450165
264,1.7150999999557826,-299.0,300.0,2.93052351206084
265,1.4496999999664695,-299.0,300.0,2.844797499452544
266,1.1645000001863082,-299.0,300.0,2.7650760732579123
267,1.334899999847039,-299.0,300.0,2.7275335713828603
268,1.2349999999514694,-36.0,138.0,2.618328374394113
269,1.9953999999415828,-299.0,300.0,2.4063774869838874
270,1.3796000000638742,-299.0,300.0,2.1957174824459935
271,1.268399999844405,-299.0,300.0,2.190794511684352
272,1.0693000001538167,-187.0,289.0,2.1101352270736875
273,1.265299999886338,-87.0,189.0,2.158892369963715
274,6.454000000076121,-155.0,257.0,2.126770678750345
275,1.3354999998682615,-299.0,300.0,2.1954716218023314
276,1.1984000000211381,-103.0,205.0,2.3754294986254285
277,1.444900000024063,-299.0,300.0,2.409142137795601
278,1.3241000001471548,-97.0,199.0,2.3511480879667372
279,1.4189000000897067,-146.0,248.0,2.486011689263605
280,1.5491999999994732,-299.0,300.0,2.694320326431976
281,2.300699999977951,-81.0,183.0,2.8127435586319907
282,1.3065000000551663,-299.0,300.0,2.7639278771608904
283,1.1142999999265157,-299.0,300.0,2.83652401558073
284,1.5117999998892628,-131.0,233.0,2.661751623740691
285,1.1044999998830463,-7.0,109.0,2.6237370403923834
286,1.3314999998783605,-299.0,300.0,2.622714130087771
287,1.009900000099151,-49.0,151.0,2.634910105537397
288,1.037199999927907,-299.0,300.0,2.571775028028577
289,1.1670999999751075,-299.0,300.0,2.350544382362562
290,1.11479999986841,-181.0,283.0,2.4714449213841223
291,1.1983000001691835,-61.0,163.0,2.5337632564281596
292,1.6657999999551976,-299.0,300.0,2.621352812144024
293,1.1224000002130197,-75.0,177.0,2.403264777384592
294,1.3349999999263673,-299.0,300.0,2.630114901170326
295,4.905199999939214,-17.0,119.0,2.6709908248869603
296,1.0530000001836015,-299.0,300.0,2.572562305641529
297,1.292500000090513,-299.0,300.0,2.433892010138135
298,1.0750000001280569,-20.0,122.0,2.677931864631106
299,1.0207000000264088,-299.0,300.0,2.764000696482175
300,2.2653999999420193,-299.0,300.0,2.5717143931402173
301,1.1931999999887921,-12.0,114.0,2.5351676892678943
302,1.4006999999764957,-98.0,200.0,2.471861866446959
303,1.0710000001381559,-122.0,224.0,2.4406421620505565
304,1.0760000000118453,-138.0,240.0,2.3573888503277045
305,1.0815999999067571,-110.0,212.0,2.4631006106372566
306,1.1262999998962187,-112.0,214.0,2.3519437470626636
307,1.4351999998325482,-76.0,178.0,2.591423264314055
308,1.4239000001907698,-95.0,197.0,2.484774339583539
309,1.1313999998492363,-63.0,165.0,2.4585514292810187
310,3.884299999981522,9.0,93.0,2.498202753595559
311,1.3076999998702377,-72.0,174.0,2.4870445927358156
312,1.2770999999247579,-299.0,300.0,2.439076712362251
313,1.2242000000242115,-111.0,213.0,2.576883589493867
314,1.3633999999456137,-36.0,138.0,2.696889580988782
315,1.3359000001855748,-61.0,163.0,2.5483997738156647
316,0.9723000000576576,-54.0,156.0,2.471089621293991
317,1.022900000180016,-118.0,220.0,2.407934013503474
318,4.405399999996007,-25.0,127.0,2.3445819746047745
319,1.1056999999254913,-299.0,300.0,2.334139990668806
320,1.2205000000449218,-27.0,129.0,2.30991664174461
321,1.2481999999636173,6.0,96.0,2.3044660889410546
322,1.0829000000285305,-113.0,215.0,2.4849783198616024
323,1.2552000000596308,-49.0,151.0,2.474355401656331
324,1.1245000000599248,-65.0,167.0,2.4815383489841545
325,0.9935000000496075,-18.0,120.0,2.556168584075663
326,1.779799999894749,-25.0,127.0,2.8680213318257755
327,1.0483999999451044,-7.0,109.0,2.9233254981736723
328,1.1658999999326625,-79.0,181.0,2.904894397548743
329,1.2747000000672415,-299.0,300.0,2.946884398747993
330,1.1399999998502608,-80.0,182.0,2.8325591435951605
331,1.2652000000343833,-148.0,250.0,3.2231311414034045
332,1.0171000001264474,-61.0,163.0,3.0291835297022636
333,1.6557000001284905,-12.0,114.0,3.070572892983699
334,1.5401000000565546,-11.0,113.0,2.910657005019849
335,1.0147000000415574,-5.0,107.0,3.0020611681770886
336,1.2658999999075604,4.0,98.0,2.856144824744019
337,3.4818000001450855,-140.0,242.0,2.8843376588671763
338,1.451899999892703,-146.0,248.0,3.029077808565932
339,1.1688999998114014,-299.0,300.0,2.9802736987088516
340,1.6127999999753229,-98.0,200.0,3.002011308699722
341,0.9019999999964057,-25.0,127.0,2.6790416099216774
342,1.4401000000816566,-42.0,144.0,2.8307520506673858
343,0.8493000000271422,-82.0,184.0,2.7098394604914384
344,0.9629000001041277,7.0,95.0,2.798579423553399
345,1.0623999999097578,5.0,97.0,2.672447824745452
346,0.8598000001711625,-46.0,148.0,2.5747833014823556
347,1.110999999809792,-13.0,115.0,2.570304625115751
348,0.9325999999418855,-28.0,130.0,2.5226787756818654
349,0.843600000052902,-174.0,276.0,2.6102498257226125
350,1.1254000000917586,-299.0,300.0,2.7798520695679847
351,1.2325999998665793,-105.0,207.0,2.7172106254375095
352,1.0340999999698397,9.0,93.0,2.6535037467234126
353,1.0157000001527194,-46.0,148.0,2.715968606869449
354,1.2684999999237334,-299.0,300.0,2.6557642298585478
355,1.3724000000365777,-12.0,114.0,2.6072636634341686
356,5.0498000000516186,-66.0,168.0,2.846796443647283
357,1.1495999999624473,-88.0,190.0,2.70017124766865
358,1.1770000000979053,3.0,99.0,2.527087255386435
359,1.057699999819306,-53.0,155.0,2.6226150402143156
360,1.066300000047704,-3.0,105.0,2.397435156693441
361,1.1611999998422107,-26.0,128.0,2.505607632495164
362,0.8923999998842191,2.0,100.0,2.385848175940525
363,1.1750999999549094,-5.0,107.0,2.639789248783307
364,1.1228999999275402,-299.0,300.0,2.6448320729886214
365,1.1618999999427615,-30.0,132.0,2.6699891346345717
366,0.9786000000531203,7.0,95.0,2.3927091642863716
367,1.09029999998711,-33.0,135.0,2.495537168110348
368,1.1591999998472602,-16.0,118.0,2.672304493623462
369,1.1652000000594853,-299.0,300.0,2.4470434770648577
370,1.214399999980742,-11.0,113.0,2.5526431300525507
371,1.014599999962229,-182.0,284.0,2.488131773077618
372,0.8875000000898581,-59.0,161.0,2.5373665957522897
373,1.2337999999090243,-3.0,105.0,2.234608169086968
374,0.9916999999859399,-75.0,177.0,2.193745181561832
375,1.481700000113051,-39.0,141.0,2.1730197633844632
376,1.2156999998751417,-124.0,226.0,2.378659001534131
377,1.0359000000335072,-31.0,133.0,2.311364303060593
378,1.0853999999653752,-14.0,116.0,2.3386671555460934
379,1.114400000005844,-35.0,137.0,2.466855848673422
380,1.087699999970937,-75.0,177.0,2.4793580029575457
381,1.4413999999760563,-299.0,300.0,2.3295102546840076
382,3.5384000000249216,-44.0,146.0,2.421577447790352
383,1.0391999999228574,-299.0,300.0,2.431850074198059
384,1.1652000000594853,-78.0,180.0,2.474148278473602
385,1.0962999999719614,-299.0,300.0,2.562492069458517
386,5.939299999909053,-4.0,106.0,2.3719064638452787
387,1.2094999999590073,-4.0,106.0,2.377929007233974
388,1.2129000001550594,2.0,100.0,2.293890067242902
389,1.4568000001418113,-3.0,105.0,2.235043504986885
390,1.2040999999953783,-37.0,139.0,2.228992062201794
391,1.4819000000443339,-67.0,169.0,2.268908000886922
392,1.3401999999587133,-16.0,118.0,2.1968007902796898
393,1.3718000000153552,-88.0,190.0,2.477489097680381
394,1.0417999999390304,-299.0,300.0,2.5076183182838605
395,1.1124000000108936,-69.0,171.0,2.3341025991512816
396,1.042399999960253,-7.0,109.0,2.262621942977212
397,0.8988000001863838,-2.0,104.0,2.090669970513352
398,1.229800000146497,-2.0,104.0,2.0604676656161174
399,0.9638000001359615,-14.0,116.0,2.323499060352554
400,1.3217000000622647,-5.0,107.0,2.2527675891518335
401,1.1942000000999542,-1.0,103.0,2.1728539674409317
402,1.3059000000339438,-7.0,109.0,2.1576155108979194
403,1.1673999999857188,-26.0,128.0,1.9818471856332074
404,0.8354000001418171,-8.0,110.0,1.9109988590922704
405,0.9514999999282736,-18.0,120.0,1.974681492556794
406,1.1319000000185042,0.0,102.0,2.26323221647995
407,1.0882999999921594,3.0,99.0,2.244464020680527
408,1.2913000000480679,-4.0,106.0,2.1274696946657072
409,1.1256000000230415,-22.0,124.0,1.7529870757716572
410,1.0721000001012726,-2.0,104.0,1.8808188669447827
411,1.0150999999041233,-11.0,113.0,2.2123356291203864
412,1.008500000125423,-10.0,112.0,2.142023094176179
413,0.9400000001278386,-13.0,115.0,1.9644800193248897
414,1.0754000002179964,11.0,91.0,1.918081812758226
415,1.0096000000885397,-299.0,300.0,2.123601616368604
416,1.4154999998936546,-10.0,112.0,2.197203246573242
417,0.9924000000864908,-6.0,108.0,2.2601727389188904
418,0.8179999999811116,-299.0,300.0,2.2717439556120533
419,1.06669999991027,-4.0,106.0,2.3250671398110057
420,1.299999999901047,-9.0,111.0,2.2299822006312597
421,1.1300999999548367,-7.0,109.0,1.8798247608044758
422,1.0001000000556814,-17.0,119.0,2.18055802109381
423,1.0860999998385523,-4.0,106.0,2.180354774516669
424,1.270999999860578,11.0,91.0,2.087336332712936
425,0.8639000000130181,7.0,95.0,1.8785204456601483
426,1.1569999999210268,4.0,98.0,1.5191836186359349
427,2.1578999999292137,6.0,96.0,1.50603527469191
428,1.1245000000599248,8.0,94.0,1.4792318320183893
429,3.264599999965867,-47.0,149.0,1.431334121965857
430,1.0938999998870713,13.0,89.0,1.4582213817275584
431,1.0608000000047468,9.0,93.0,1.5427575326734402
432,1.0072000000036496,-1.0,103.0,1.3328396705691856
433,1.102599999967424,-29.0,131.0,1.5397056429013103
434,1.1048999999729858,8.0,94.0,1.585090748061212
435,1.0363999999754014,-14.0,116.0,1.5746659446661346
436,0.9417999999641324,-1.0,103.0,1.8545873532807065
437,0.9852999999111489,4.0,98.0,2.207826225409095
438,1.1540000000422879,-8.0,110.0,2.233045356295688
439,1.7321999998785031,7.0,95.0,2.2661263118599715
440,1.0153999999147345,-6.0,108.0,2.2099769148577897
441,1.3538000000608008,-7.0,109.0,2.4000607688365436
442,1.2722000001303968,-5.0,107.0,2.4831409660140205
443,0.8107999999538151,-1.0,103.0,2.2880970352540624
444,1.1251000000811473,-10.0,112.0,2.2249065649650475
445,1.0317000001123233,-17.0,119.0,2.50179912673912
446,1.06909999999516,-3.0,105.0,2.258056315840074
447,0.9795000000849541,1.0,101.0,1.9977519929242173
448,0.9017999998377491,10.0,92.0,1.984174864382896
449,0.8602000000337284,8.0,94.0,1.9169170725557485
450,1.0159000000840024,0.0,102.0,1.874232623663677
451,0.918799999908515,3.0,99.0,1.6054522144334051
452,1.0036999999556429,0.0,102.0,1.5166776128215853
453,1.0035999998763145,-3.0,105.0,1.5073408743460237
454,1.1660000000119908,-7.0,109.0,1.650246558235856
455,1.0592999999516906,2.0,100.0,1.3483921594930033
456,0.9466999999858672,-1.0,103.0,1.3506960161701778
457,1.0815000000548025,-1.0,103.0,1.3403999595302902
458,1.1129999998047424,-4.0,106.0,1.4205603688402577
459,0.9675000001152512,-1.0,103.0,1.4714081998898096
460,1.0782000001654524,10.0,92.0,1.448618487997178
461,1.099999999951251,-10.0,112.0,1.6994318757203062
462,1.0216000000582426,2.0,100.0,1.6069868373225944
463,1.104399999803718,-3.0,105.0,2.070886875093258
464,1.0614000000259693,10.0,92.0,2.1778122951240206
465,0.9046000000125787,14.0,88.0,2.22769163717225
466,0.8619000000180677,11.0,91.0,2.238017746898839
467,1.1038999998618237,14.0,88.0,2.147351225125458
468,0.9792000000743428,-8.0,110.0,2.065651667536625
469,0.9880999998586049,5.0,97.0,2.2575457166229804
470,0.8666000001085195,8.0,94.0,2.2269218838690845
471,1.0417000000870758,-9.0,111.0,1.9885447650450956
472,0.9977000001981651,-8.0,110.0,2.025113244745154
473,1.0818999999173684,0.0,102.0,1.7237810359724108
474,0.974699999915174,-7.0,109.0,1.615007502648068
475,1.343899999938003,9.0,93.0,1.7675257135838724
476,1.251899999942907,7.0,95.0,1.997985534286368
477,0.9334999999737192,-4.0,106.0,1.9621777431908953
478,0.8504999998422136,8.0,94.0,1.9831094201821968
479,0.9157000001778215,6.0,96.0,1.7707137109375144
480,0.9294999999838183,1.0,101.0,2.0890083181401726
481,1.1181999998370884,1.0,101.0,2.1625691196262045
482,1.0710999999901105,-9.0,111.0,2.200805884014065
483,0.8040000000164582,9.0,93.0,2.0344202669217646
484,1.0764000001017848,2.0,100.0,2.152163390258803
485,3.3558000000084576,-16.0,118.0,1.9253736717359355
486,0.9583999999449588,9.0,93.0,1.6870295691296946
487,0.9379000000535598,6.0,96.0,1.9102435396961455
488,1.153299999941737,5.0,97.0,2.0169975181648665
489,1.2392999999519816,4.0,98.0,2.402847484292694
490,1.0079000001042004,-17.0,119.0,2.299426254481168
491,1.1827000000721455,-4.0,106.0,2.214443932250181
492,0.8411000001160573,-10.0,112.0,2.149148320845027
493,1.3266000000839995,17.0,85.0,2.316891854119681
494,0.939799999969182,2.0,100.0,2.4109724630086027
495,1.0517000000618282,-2.0,104.0,2.4296860553778243
496,1.4175999999679334,10.0,92.0,2.560852821105094
497,1.2443999999049993,10.0,92.0,2.6679201922557056
498,1.242499999989377,-7.0,109.0,2.5332742962966215
499,1.0228999999526422,-1.0,103.0,2.3305194194922323
500,0.827999999955864,-7.0,109.0,2.109977680787382
501,0.8546999999907712,4.0,98.0,2.097807802788734
502,1.0649000000739761,5.0,97.0,2.3061441626463135
503,1.0507000001780398,3.0,99.0,2.1293998677320536
504,1.5129999999317079,-1.0,103.0,1.7867536112147806
505,0.8379999999306165,-25.0,127.0,1.7862427692666192
506,0.8640999999443011,9.0,93.0,1.6375626938211458
507,1.218399999970643,3.0,99.0,1.3664745950781478
508,1.0538999999880616,0.0,102.0,1.382769343976053
509,1.1322000000291155,-20.0,122.0,1.2138281747249222
510,0.9746000000632193,1.0,101.0,1.2314609235172767
511,1.307799999949566,5.0,97.0,1.5579585161626446
512,0.850200000058976,6.0,96.0,1.5409273481061423
513,0.9480000001076405,-6.0,108.0,1.5598616863061383
514,0.9908000001814798,1.0,101.0,1.552899737201015
515,0.8299000000988599,9.0,93.0,1.5593459883372442
516,0.988900000038484,-8.0,110.0,1.5936505576032947
517,1.085900000134643,9.0,93.0,1.5400257691383055
518,1.048800000035044,7.0,95.0,1.5056538200239493
519,0.9377999999742315,-12.0,114.0,1.4778114119673504
520,1.1861999998927786,-2.0,104.0,1.4558070969056687
521,0.8315000000038708,-1.0,103.0,1.0994898123553039
522,0.9632999999666936,10.0,92.0,0.9242824963270575
523,1.0050000000774162,-7.0,109.0,0.9163499735141055
524,1.3269999999465654,12.0,90.0,0.9252467666103588
525,1.027600000043094,10.0,92.0,0.9076755210228136
526,1.259699999991426,1.0,101.0,1.019705402794445
527,1.3472999999066815,-2.0,104.0,1.0242626610331154
528,0.8232999998654122,2.0,100.0,1.2162303725692734
529,0.7860000000619038,-2.0,104.0,1.2353129311587945
530,0.9360999999898922,-3.0,105.0,1.2742174207400272
531,0.9299999999257125,10.0,92.0,1.3105194035001921
532,0.88370000003124,-5.0,107.0,1.2757537951077516
533,1.3218999999935477,13.0,89.0,1.3179923036374732
534,1.0985999999775231,-1.0,103.0,1.322835937910174
535,0.9445999999115884,5.0,97.0,1.3116420179266925
536,1.087500000039654,4.0,98.0,1.165065882581548
537,1.0643000000527536,-15.0,117.0,1.5690884047839873
538,1.1489000000892702,1.0,101.0,1.5072555345235603
539,0.8514999999533757,0.0,102.0,1.512719774811949
540,0.8846999999150285,-14.0,116.0,1.4822580191517924
541,0.9494999999333231,-10.0,112.0,1.4663956958898556
542,3.350800000134768,-6.0,108.0,1.6355882096924916
543,0.8937000000059925,-9.0,111.0,1.7964340995023964
544,1.0598000001209584,4.0,98.0,2.0785762399483407
545,1.0459999998602143,6.0,96.0,2.090137399136175
546,0.8909000000585365,4.0,98.0,2.0723848402188416
547,1.021599999830869,5.0,97.0,2.0174928913737373
548,0.9698999999727675,-2.0,104.0,2.0726448001341256
549,1.07849999994869,-8.0,110.0,2.2231635444097977
550,0.9011000001919456,-2.0,104.0,2.220541710352083
551,0.9706000000733184,7.0,95.0,2.247607995333815
552,1.1797999998179876,6.0,96.0,2.1009635079032085
553,1.315099999828817,-5.0,107.0,1.9271511026190935
554,1.1547999999947933,-6.0,108.0,1.6407973395512947
555,1.0898000000452157,12.0,90.0,1.6622507349440696
556,1.2668000001667679,2.0,100.0,1.9664450216195575
557,1.1867000000620465,-19.0,121.0,1.8537702983201647
558,1.1088999999628868,-13.0,115.0,1.6644901140479036
559,1.126000000112981,-18.0,120.0,1.494890028563909
560,0.9522000000288244,1.0,101.0,1.4933739587529349
561,1.0879999999815482,-18.0,120.0,1.7533910727281778
562,0.9204999998928542,1.0,101.0,1.700924011721273
563,1.038200000039069,-7.0,109.0,1.680278586030433
564,1.0995000000093569,5.0,97.0,1.8029291655605946
565,1.0879999999815482,9.0,93.0,1.8292250893858637
566,0.9733000001688197,7.0,95.0,1.5216466597785507
567,1.0545000000092841,6.0,96.0,1.4438822950493604
568,1.232800000025236,-12.0,114.0,1.628960035367556
569,1.078100000086124,10.0,92.0,1.7802042169666425
570,1.0023999998338695,12.0,90.0,1.830825340792861
571,0.895700000000943,6.0,96.0,1.6755012232376978
572,1.0072000000036496,9.0,93.0,1.9849588899763115
573,0.8340000001680892,5.0,97.0,2.0235166800449322
574,0.950200000033874,4.0,98.0,1.8866248056281747
575,0.89309999998477,15.0,87.0,2.0971561636337834
576,1.0278999998263316,-2.0,104.0,2.2665111046924493
577,1.141499999903317,-22.0,124.0,2.1009928690829267
578,1.089900000124544,2.0,100.0,1.9008990127275687
579,0.9268999999676453,5.0,97.0,1.778172076335776
580,1.0528999998768995,6.0,96.0,1.8636651605701342
581,0.9794000000056258,-10.0,112.0,1.6980809315672822
582,1.0268000000905886,0.0,102.0,1.622785181234137
583,1.022900000180016,14.0,88.0,1.705416529395246
584,0.8700999999291525,-14.0,116.0,1.869035539211972
585,0.8973000001333276,16.0,86.0,1.6061749742181397
586,1.0728000002018234,-12.0,114.0,1.565727764060068
587,1.0743999998794607,2.0,100.0,1.5411010027067413
588,1.1621999999533728,9.0,93.0,1.6983389508331972
589,1.0647999999946478,9.0,93.0,1.8772318729422992
590,1.0131000001365464,8.0,94.0,1.7191857727917548
591,0.9416000000328495,5.0,97.0,1.8327301456594196
592,0.9884000000965898,-1.0,103.0,1.802453846127626
593,1.0930000000826112,10.0,92.0,1.7262945260151619
594,0.9311999999681575,-3.0,105.0,1.7490390453484033
595,1.0108000001309847,17.0,85.0,1.9252234778948651
596,0.8817999998882442,-15.0,117.0,1.856320807902136
597,1.1360999999396881,-18.0,120.0,1.8513884581402436
598,3.473099999837359,9.0,93.0,1.9009978260806615
599,1.0560000000623404,9.0,93.0,1.7364005083025709
600,0.8961999999428372,3.0,99.0,1.9140263331919811
601,0.985099999979866,2.0,100.0,1.822192001770769
602,1.0159000000840024,-3.0,105.0,1.6177338487972939
603,1.2601999999333202,7.0,95.0,1.6408398897872352
604,1.1622000001807464,-2.0,104.0,1.7311414329540256
605,1.1237000001074193,-5.0,107.0,1.6329033769500536
606,1.0910000000876607,4.0,98.0,1.8069039676998506
607,1.0796000001391803,8.0,94.0,1.8831905709718462
608,0.8907999999792082,7.0,95.0,1.915633593346914
609,1.0130999999091728,5.0,97.0,1.938384892853184
610,1.036600000134058,1.0,101.0,1.76119298733528
611,1.0749000000487285,4.0,98.0,1.961220377168641
612,1.2145000000600703,-10.0,112.0,2.294954419911897
613,1.0030999999344203,7.0,95.0,2.5368691665258187
614,1.1635999999271007,-1.0,103.0,2.5785236234880218
615,1.0422999998809246,-10.0,112.0,2.559739244375142
616,1.1646999998902174,13.0,89.0,2.386636478244046
617,1.2059000000590459,10.0,92.0,2.3180719279375066
618,1.1274999999386637,-6.0,108.0,2.4037713001098773
619,0.8605000000443397,-6.0,108.0,2.419838432510754
620,0.7923999999093212,2.0,100.0,2.5171241839528564
621,1.0032000000137486,-7.0,109.0,2.339771979413745
622,0.8780999999089545,-9.0,111.0,2.406763146544153
623,0.9858999999323714,-4.0,106.0,2.1669106524912847
624,0.990100000080929,6.0,96.0,1.8361397639698886
625,0.8935999999266642,9.0,93.0,2.1262943474536145
626,1.1445000000094296,-4.0,106.0,2.0740036704135547
627,0.9650000001784065,-8.0,110.0,2.0514284176336046
628,1.053800000136107,7.0,95.0,1.758432581318679
629,1.12200000012308,0.0,102.0,1.6401513239971013
630,0.9907999999541062,17.0,85.0,1.5290208315545168
631,0.7605000000694417,-1.0,103.0,1.5281062465906043
632,1.126000000112981,7.0,95.0,1.1901953765990705
633,0.9686000000783679,8.0,94.0,1.193739819658412
634,1.0694000000057713,-1.0,103.0,1.4265219276235637
635,0.9431000000859058,-6.0,108.0,1.1004595198819076
636,1.0982999999669119,0.0,102.0,1.0809623694388464
637,0.8525000000645377,6.0,96.0,1.2460397045564122
638,0.9227000000464614,-13.0,115.0,1.2544114198544711
639,0.9139999999661086,14.0,88.0,1.3621268743961081
640,1.180900000008478,13.0,89.0,1.4199340569981627
641,1.3589000000138185,-3.0,105.0,1.4625204144678727
642,0.8992000000489497,5.0,97.0,1.6068768764046866
643,1.0440000000926375,5.0,97.0,1.5041921416056419
644,0.9491999999227119,18.0,84.0,1.3641674793494722
645,1.0846000000128697,17.0,85.0,1.6198478209257068
646,0.8255000000190194,4.0,98.0,1.6584307097263988
647,1.048400000172478,-6.0,108.0,1.7020216174022835
648,0.9025999997902545,5.0,97.0,1.957911426111726
649,1.1529999999311258,-11.0,113.0,1.8858707326795308
650,1.0145000001102744,-1.0,103.0,1.8674602498652249
651,0.9817000000111875,0.0,102.0,1.766057974771512
652,1.3309999999364663,-2.0,104.0,1.5943954944446526
653,0.8422000000791741,16.0,86.0,1.7259240018182609
654,1.082499999938591,4.0,98.0,1.6764180151567984
655,1.1905999999726191,19.0,83.0,1.5119099091802468
656,1.0336000000279455,7.0,95.0,1.739712545297417
657,0.9379999999055144,-3.0,105.0,1.5393554570032708
658,0.9966000000076747,4.0,98.0,1.290485629279639
659,1.1048000001210312,3.0,99.0,1.443126095543467
660,1.10539999991488,2.0,100.0,1.7499267509808596
661,0.8927999999741587,1.0,101.0,1.7535852303172454
662,0.9091999997963285,5.0,97.0,1.9238675401669236
663,1.181799999812938,8.0,94.0,1.7712107434283133
664,0.9800000000268483,-15.0,117.0,2.080417062230564
665,1.0453999998389918,2.0,100.0,2.2030909285323803
666,0.9403999999904045,12.0,90.0,2.0591628153324684
667,1.0731000002124347,4.0,98.0,2.0531917028269904
668,0.9935000000496075,7.0,95.0,2.2723543072662746
669,0.9889999998904386,5.0,97.0,2.207957390549729
670,0.9772000000793923,-1.0,103.0,1.9523235355460233
671,0.7746999999653781,8.0,94.0,2.010142590410212
672,1.0293000000274333,-3.0,105.0,1.7955536084357735
673,1.0778000000755128,21.0,81.0,1.9031225149466227
674,1.0508000000299944,17.0,85.0,1.5882567604204805
675,1.07849999994869,9.0,93.0,1.3184514168801549
676,0.9589999999661813,-5.0,107.0,1.289614044461409
677,0.9583000000930042,6.0,96.0,1.3012765381017128
678,1.0174999999890133,5.0,97.0,1.0264454102662086
679,0.927999999930762,-1.0,103.0,1.1734826480723946
680,1.3212999999723252,14.0,88.0,1.1604395735828568
681,1.2639000001399836,-3.0,105.0,1.2042359419742
682,0.9595999999874039,10.0,92.0,1.1971208200850874
683,1.3011000000915374,4.0,98.0,1.1415266194884097
684,1.0780999998587504,-9.0,111.0,1.3609745907117983
685,1.130399999965448,-2.0,104.0,1.7193969173301542
686,1.1041000000204804,-37.0,139.0,1.8604787827753193
687,1.1021999998774845,-7.0,109.0,1.847932550203092
688,0.9897999998429441,-1.0,103.0,1.8578884353821326
689,1.1870000000726577,9.0,93.0,1.6549969358400136
690,1.1658000000807078,-8.0,110.0,1.6327315832150755
691,1.1102000000846601,3.0,99.0,1.9175194361921737
692,0.9473000000070897,3.0,99.0,2.2624300713923278
693,1.0789000000386295,-7.0,109.0,2.211476530095301
694,1.0401000001820648,3.0,99.0,2.2650106108953603
695,1.0338000001866021,5.0,97.0,1.9051090127706534
696,1.4446000000134518,2.0,100.0,1.655060892264099
697,1.3977999999497115,1.0,101.0,1.7130409286529626
698,1.0022999999819149,1.0,101.0,1.7134916840282473
699,1.2034999999741558,17.0,85.0,1.6465239986215097
700,0.8086000000275817,9.0,93.0,1.5913302192003278
701,0.9956999999758409,-3.0,105.0,1.2867539737584603
702,1.0832000000391417,10.0,92.0,1.2561749425061985
703,0.881100000015067,7.0,95.0,1.2837022398372826
704,0.7567000000108237,1.0,101.0,1.0198176938854684
705,1.0145000001102744,3.0,99.0,1.2762595449443552
706,1.0973000000831235,-5.0,107.0,1.6098930877746525
707,1.0174999999890133,7.0,95.0,1.5465062910475857
708,1.065299999936542,8.0,94.0,1.5896500196282743
709,0.9351000001061038,-2.0,104.0,1.5920421358369012
710,0.9081999999125401,-9.0,111.0,1.615525472449096
711,1.0868000001664768,-1.0,103.0,1.579427529164051
712,3.1403999998929066,10.0,92.0,1.2696754325925312
713,1.038000000107786,-7.0,109.0,1.3878691490075514
714,0.8563000001231558,6.0,96.0,1.3340627090882446
715,1.4279999998052517,16.0,86.0,1.1790236746036
716,1.150000000052387,6.0,96.0,0.836432150925399
717,0.9333999998943909,2.0,100.0,0.8528573681298098
718,1.0856999999759864,-4.0,106.0,0.9050461645044166
719,0.8927000001222041,-3.0,105.0,0.9106284040419809
720,0.8534000000963715,-4.0,106.0,0.8948908518378147
721,1.048800000035044,-11.0,113.0,0.889040813826276
722,0.9398999998211366,-12.0,114.0,0.9560683015785859
723,0.7588000000851025,-7.0,109.0,0.8095727428480786
724,1.0042999999768654,-5.0,107.0,0.8219655368689132
725,1.2569999998959247,10.0,92.0,0.834383809278999
726,0.9256999999252002,2.0,100.0,0.8445839400235166
727,0.937199999953009,10.0,92.0,1.042885463302106
728,0.8932999999160529,-4.0,106.0,1.0775572202874266
729,0.8221999999022955,3.0,99.0,1.0685170826773907
730,0.8680000000822474,1.0,101.0,1.0940922679354763
731,1.035799999954179,17.0,85.0,1.0505990955774323
732,1.0525000000143336,13.0,89.0,0.9906622289425684
733,1.2455999999474443,17.0,85.0,0.9808986922454217
734,0.9275999998408224,4.0,98.0,0.9624261987432767
735,1.0991999999987456,-8.0,110.0,0.8942708308573163
736,1.0410999998384796,2.0,100.0,0.8903195839255836
737,0.9792999999262975,-6.0,108.0,0.6865429033281785
738,0.8860000000368018,0.0,102.0,0.6604370652591036
739,1.0182999999415188,2.0,100.0,0.6938247352316864
740,1.0287000000062108,-2.0,104.0,0.6868636669156182
741,0.9787999999844033,0.0,102.0,0.7825455753095248
742,0.9263000001737964,4.0,98.0,0.7904702921923032
743,1.0738000000856118,-22.0,124.0,0.881225092667296
744,0.9813000001486216,12.0,90.0,1.2027605984056147
745,1.1248999999224907,8.0,94.0,1.1532691334141456
746,0.9058000000550237,15.0,87.0,1.2111684205228594
747,1.032499999837455,3.0,99.0,1.222533722752013
748,1.270499999918684,-7.0,109.0,1.2060321000920788
749,0.8992999999009044,8.0,94.0,1.1845709671918287
750,0.9431999999378604,-2.0,104.0,1.4231070368374286
751,0.9704000001420354,4.0,98.0,1.33775133194387
752,0.9453000000121392,7.0,95.0,1.3180275730169133
753,1.084900000023481,9.0,93.0,1.2352797982168386
754,1.0389000001396198,7.0,95.0,0.9170032469304177
755,0.9322000000793196,3.0,99.0,1.2165567614858752
756,1.0019999999713036,15.0,87.0,1.1564257062715206
757,1.072900000053778,0.0,102.0,1.540827336991358
758,1.063700000031531,14.0,88.0,1.936426729421763
759,1.0497000000668777,15.0,87.0,2.33174579130088
760,0.8493999998790969,-1.0,103.0,2.0837777414501595
761,1.0924000000613887,10.0,92.0,2.0743825891397543
762,0.9348999999474472,0.0,102.0,2.0759461305461655
763,1.1153999998896325,18.0,84.0,2.0631740284728495
764,1.1253000000124302,-17.0,119.0,2.465388039080599
765,0.947400000086418,-8.0,110.0,2.196528013670134
766,0.9997999998176965,-5.0,107.0,2.2869874378277797
767,0.9552999999868916,4.0,98.0,2.3562163182879505
768,1.0000999998283078,-12.0,114.0,2.09188289703774
769,3.188599999930375,1.0,101.0,1.7134024396055842
770,0.881100000015067,4.0,98.0,1.7465029707302784
771,0.9232999998403102,0.0,102.0,1.7536586770707978
772,1.0862000001452543,4.0,98.0,1.8501329671017737
773,0.824199999897246,7.0,95.0,1.8614947384843255
774,0.8986000000277272,13.0,89.0,1.4617811947551278
775,0.912500000140426,6.0,96.0,1.4770064468682569
776,0.8428000001003966,3.0,99.0,1.3953479403447928
777,0.9133999999448861,-5.0,107.0,1.0932417138667643
778,0.9729000000788801,-7.0,109.0,0.8750528522978309
779,0.9703999999146617,5.0,97.0,0.8498692786207508
780,1.037199999927907,2.0,100.0,0.9241381434397027
781,1.044299999875875,-14.0,116.0,0.9619267342144884
782,1.1947000000418484,-9.0,111.0,1.323595597565011
783,1.2745999999879132,13.0,89.0,1.3178287492449878
784,0.9884999999485444,11.0,91.0,1.4068650247520307
785,0.9924999999384454,8.0,94.0,1.3564780748538063
786,0.945000000001528,-4.0,106.0,1.3540240751226698
787,1.1684999999488355,5.0,97.0,1.3029208219188932
788,0.9905000001708686,0.0,102.0,1.311204991472623
789,1.0985000001255685,-13.0,115.0,1.4398828594392123
790,1.259500000060143,-5.0,107.0,1.329063701812655
791,0.888900000063586,0.0,102.0,1.365284895728476
792,1.0497999999188323,1.0,101.0,1.205268037247066
793,0.9258000000045286,-9.0,111.0,1.7231679889485363
794,1.109000000042215,18.0,84.0,1.6747157585256942
795,1.0359000000335072,2.0,100.0,1.69516779601379
796,0.9364000000005035,4.0,98.0,1.6880603600959625
797,1.1427999997977167,-4.0,106.0,1.5658857299327849
798,1.2748999999985244,-3.0,105.0,1.5528559896099308
799,0.9336000000530476,-3.0,105.0,1.4140237575628567
800,0.8381000000099448,2.0,100.0,1.476135041642944
801,1.2662999999975,-10.0,112.0,1.4034160088676133
802,1.0250999998788757,14.0,88.0,1.2200995920652427
803,0.9675000001152512,0.0,102.0,0.7012199292952624
804,0.8439000000635133,-5.0,107.0,0.8595663086459521
805,1.0130000000572181,4.0,98.0,0.8627439163611083
806,1.0669999999208812,0.0,102.0,1.286228397919047
807,1.2283000000934408,-3.0,105.0,1.2858700338594278
808,0.9391999999479594,-6.0,108.0,1.3952184746551204
809,1.086100000065926,12.0,90.0,1.4079351958791144
810,1.0768000001917244,-5.0,107.0,1.357152688149948
811,1.1279999998805579,-23.0,125.0,1.5000240278427945
812,1.060400000142181,11.0,91.0,1.7058667398503982
813,1.0714000000007218,-18.0,120.0,1.7047141702352075
814,0.9519999998701678,-6.0,108.0,1.5125200746172975
815,1.2962000000698026,-14.0,116.0,1.4937388186261553
816,0.9775999999419582,-2.0,104.0,1.0851556853152318
817,0.9179999999560096,6.0,96.0,1.0982831953027499
818,1.058499999999185,-9.0,111.0,1.042720692854072
819,1.0953999999401276,-1.0,103.0,1.1913541618792753
820,0.9836000001541834,6.0,96.0,1.1767516189629617
821,0.8587999998326268,3.0,99.0,1.116695584161274
822,0.9410999998635816,1.0,101.0,0.8996748153459411
823,1.0165999999571795,6.0,96.0,0.8990520863747481
824,0.8939999997892301,-2.0,104.0,0.9541358004327659
825,0.985099999979866,6.0,96.0,1.283912640165377
826,2.914099999998143,-6.0,108.0,1.272121828104539
827,1.0749000000487285,-6.0,108.0,1.5346781117264305
828,1.0346999999910622,0.0,102.0,1.4903821931379064
829,0.9655999999722553,-14.0,116.0,1.5786985785145915
830,1.0036999999556429,-7.0,109.0,1.5951055420854927
831,1.1139999999159045,6.0,96.0,1.8525025335690721
832,0.8483999999953085,5.0,97.0,1.8432588805134897
833,0.8900999998786574,-9.0,111.0,1.9674038604654023
834,1.1437999999088788,-7.0,109.0,2.0497407723486196
835,1.1484999999993306,6.0,96.0,1.7617705701888504
836,0.9194000001571112,1.0,101.0,1.7652445497510434
837,1.0309000001598179,12.0,90.0,1.500947905148726
838,1.188700000056997,-1.0,103.0,1.4913900048527506
839,0.9884999999485444,5.0,97.0,1.318752971278323
840,0.9641999999985273,12.0,90.0,1.3011103258281254
841,0.9529000001293753,-2.0,104.0,0.9510812586563724
842,1.0976000000937347,-10.0,112.0,0.9261985382678674
843,0.7976999997936218,3.0,99.0,0.804531535498237
844,0.7135999999263731,-6.0,108.0,0.6533514062293762
845,1.1320000000978325,-4.0,106.0,0.6766378337896114
846,1.0308000000804896,-5.0,107.0,0.6800464399176036
847,0.8697999999185413,-5.0,107.0,0.6710997732984382
848,1.0968999999931839,-4.0,106.0,0.9190850227503267
849,0.9603000000879547,4.0,98.0,0.8544466017373074
850,0.891500000079759,5.0,97.0,0.8466722229486541
851,1.0686000000532658,7.0,95.0,0.9747849914406862
852,0.9416999998848041,-12.0,114.0,0.91438763169522
853,1.0139999999410065,0.0,102.0,1.0000072085278182
854,0.8932999999160529,16.0,86.0,1.0104148648113145
855,1.23000000007778,12.0,90.0,0.9507280631396439
856,1.0981999998875835,-8.0,110.0,1.0763670050474792
857,1.1968999999680818,20.0,82.0,1.091899808593208
858,1.0002000001350098,13.0,89.0,0.8411977511667758
859,0.9113999999499356,8.0,94.0,0.891315037543146
860,1.0310000000117725,3.0,99.0,0.8979676308424619
861,0.9184000000459491,-2.0,104.0,0.8052921841242717
862,1.1225000000649743,-14.0,116.0,0.7936152986497828
863,0.8738999999877706,-7.0,109.0,0.7121982376580693
864,1.0111999999935506,-6.0,108.0,0.792533099662668
865,1.18039999983921,11.0,91.0,0.8875452960844715
866,0.9834999998474814,13.0,89.0,0.7519349358191644
867,0.7570999998733896,-1.0,103.0,0.748811018195654
868,0.91759999986607,6.0,96.0,0.760359629697518
869,1.1357000000771222,9.0,93.0,0.7849646168082955
870,0.9148999999979424,5.0,97.0,0.7839265034037396
871,0.983700000006138,-8.0,110.0,0.7814940751647225
872,1.1113999998997315,5.0,97.0,0.9073803925118501
873,1.3234999998985586,-10.0,112.0,0.9101164867270615
874,1.1412999999720341,6.0,96.0,0.8563530968462505
875,1.0601000001315697,2.0,100.0,1.007373485793117
876,0.9455999997953768,-1.0,103.0,1.0205473363959867
877,0.9634000000460219,-13.0,115.0,1.1010712842347057
878,0.9838000000854663,-3.0,105.0,1.0751504943177723
879,0.9175000000141154,-12.0,114.0,0.9917891757819584
880,1.077099999974962,-3.0,105.0,1.0094389226061973
881,1.1228999999275402,-2.0,104.0,0.9782528261932318
882,1.2684999999237334,10.0,92.0,0.861940828742061
883,3.0587999999625026,3.0,99.0,0.8480332105796661
884,0.9821999999530817,1.0,101.0,0.8332032323956045
885,1.0826999998698739,1.0,101.0,0.5942291509573195
886,1.0844999999335414,-15.0,117.0,0.5829442332808548
887,1.1194999999588617,-1.0,103.0,0.49138598926253074
888,0.9820999998737534,-9.0,111.0,0.5017114958713424
889,1.0873999999603257,-6.0,108.0,0.8785845141152795
890,0.8594999999331776,4.0,98.0,0.8546556701174541
891,1.0801999999330292,9.0,93.0,0.8631611061872828
892,1.0870999999497144,11.0,91.0,1.0368794708918898
893,1.0721999999532272,-2.0,104.0,1.166893767846784
894,0.9127999999236636,19.0,83.0,1.141126504288205
895,0.9986999998545798,-3.0,105.0,1.2267704739940555
896,1.0180000001582812,7.0,95.0,1.2227534557375037
897,1.0838000000603643,-6.0,108.0,1.2413474088998808
898,1.2533000001440087,8.0,94.0,1.2596853684935705
899,0.8457999999791355,9.0,93.0,0.8943395933588658
900,1.076700000112396,3.0,99.0,0.8948067019625394
901,0.9222999999565218,-2.0,104.0,1.0413990068709356
902,1.1888000001363253,5.0,97.0,1.132724364706086
903,0.7903000000624161,-11.0,113.0,1.0082463790957046
904,0.9103999998387735,-2.0,104.0,1.045545912252751
905,0.9121000000504864,-11.0,113.0,0.9716276129971189
906,0.7168999998157233,10.0,92.0,0.9693173528577279
907,1.1181999998370884,-12.0,114.0,0.9706300164139009
908,0.9598999999980151,3.0,99.0,0.9548245931141139
909,0.9551000000556087,-10.0,112.0,0.9443776847221741
910,1.219600000013088,0.0,102.0,1.1712625247732482
911,0.925199999983306,-3.0,105.0,1.033108108065552
912,0.8252000000084081,11.0,91.0,0.7651398060095989
913,0.8605000000443397,13.0,89.0,0.7796447643368196
914,0.9234999999989668,-4.0,106.0,0.9638793809934825
915,0.8497999999690364,15.0,87.0,0.933591260347179
916,1.0525000000143336,4.0,98.0,1.117875883014868
917,1.1190000000169675,-3.0,105.0,1.282534253256922
918,1.2910000000374566,-13.0,115.0,1.2862738760518906
919,1.022599999942031,-2.0,104.0,1.2955625004566638
920,0.9479999998802668,6.0,96.0,1.0839703368049147
921,0.9721999999783293,-4.0,106.0,1.0655796448763113
922,1.0199000000739034,3.0,99.0,1.0660463187827645
923,0.8216999999604013,2.0,100.0,1.059603118246125
924,0.7883000000674656,-22.0,124.0,0.8513172267926183
925,1.0832999998910964,-2.0,104.0,1.0530627917595943
926,1.1100999997779581,-7.0,109.0,0.8751258489044019
927,0.9471999999277614,9.0,93.0,0.6919661439536824
928,0.9715999999571068,4.0,98.0,0.687428826457294
929,1.0830000001078588,-2.0,104.0,0.6847153312685101
930,0.9856000001491338,-13.0,115.0,0.682886350853358
931,0.9162000001197157,4.0,98.0,0.6878052877877131
932,1.0403000001133478,3.0,99.0,0.6776338163042105
933,1.0548000000198954,-4.0,106.0,0.6879074364716196
934,0.9539000000131637,-8.0,110.0,0.6836361026409776
935,1.0619000001952372,8.0,94.0,0.8297633993342768
936,1.0288999999374937,6.0,96.0,1.1372536974087315
937,1.0065000001304725,-2.0,104.0,1.2307719614374593
938,1.0932999998658488,10.0,92.0,1.2351857225808176
939,1.0319000000436063,2.0,100.0,1.3983459239009428
940,3.187699999898541,9.0,93.0,1.3958640502568294
941,1.0561999999936234,1.0,101.0,1.4438109126186873
942,1.1115999998310144,-3.0,105.0,1.5096208840339393
943,0.9796000001642824,-4.0,106.0,1.4958152438407786
944,1.1299000000235537,8.0,94.0,1.5021485936568255
945,1.1036000000785862,7.0,95.0,1.4515133336165356
946,1.026900000169917,-7.0,109.0,1.2350254279568602
947,0.820399999838628,-1.0,103.0,1.1524649644320346
948,0.8748000000196043,4.0,98.0,1.1909363370754646
949,0.922599999967133,-3.0,105.0,1.047369023194929
950,1.052299999855677,8.0,94.0,1.046805788230452
951,1.0060000001885783,-12.0,114.0,0.9975308300544163
952,1.05400000006739,-10.0,112.0,0.9405173881070354
953,0.9353000000373868,-9.0,111.0,0.9508064839412746
954,0.8866999999099789,-2.0,104.0,1.0246475795112773
955,0.8639000000130181,4.0,98.0,0.7387810247348057
956,0.9636999998292595,-8.0,110.0,0.7793933212071487
957,0.8990000001176668,-7.0,109.0,0.7582696260225041
958,0.9896000001390348,-12.0,114.0,0.75892134404328
959,1.070300000037605,1.0,101.0,0.7420860190466726
960,1.0640000000421423,6.0,96.0,0.7388174998980233
961,1.0825999997905456,14.0,88.0,1.1317814023997443
962,0.8974000002126559,10.0,92.0,1.13102684124121
963,0.9206999998241372,9.0,93.0,1.1195938866478976
964,0.8773999998084037,-19.0,121.0,1.2707753791610836
965,1.1039000000891974,-11.0,113.0,1.275453594220516
966,1.073299999916344,12.0,90.0,1.2674376066517161
967,0.9709999999358843,8.0,94.0,1.4137270438641647
968,1.0192999998253072,1.0,101.0,1.3735676693132777
969,1.0719000001699897,-2.0,104.0,1.6905767946569508
970,0.8044000001063978,6.0,96.0,1.7284464153935026
971,1.163500000075146,-4.0,106.0,1.5863575609547766
972,1.1313999998492363,5.0,97.0,1.9113865239875214
973,1.164900000048874,4.0,98.0,2.2062941953126574
974,1.0055000000193104,3.0,99.0,2.2813282980512644
975,1.1191999999482505,3.0,99.0,2.5338083548994232
976,1.0334999999486172,5.0,97.0,2.430239012380558
977,0.9542999998757296,-1.0,103.0,2.294216150939678
978,0.9873999999854277,10.0,92.0,2.2917733032716123
979,0.9403999999904045,15.0,87.0,1.9578529015693142
980,0.9078999999019288,8.0,94.0,1.9267470894866776
981,1.1266999999861582,2.0,100.0,1.7803509666056534
982,1.0910000000876607,-9.0,111.0,1.7035086277878477
983,1.2019000000691449,8.0,94.0,1.5681607376932025
984,0.9926999998697283,2.0,100.0,1.2666334704798543
985,0.794300000052317,3.0,99.0,1.0048770795822222
986,0.9082000001399138,20.0,82.0,0.9946536274502087
987,1.052099999924394,-9.0,111.0,1.0017565859298805
988,1.0938000000351167,11.0,91.0,1.2032548012621511
989,0.9359000000586093,18.0,84.0,1.2293229850232166
990,0.9698000001208129,-15.0,117.0,1.2210972816012386
991,1.1488000000099419,1.0,101.0,1.1160167162598327
992,1.0194000001320092,18.0,84.0,0.8750439660424124
993,0.7964000001265958,-2.0,104.0,0.708963960045488
994,0.9910999999647174,4.0,98.0,0.7760611626558074
995,0.7376999999451073,6.0,96.0,1.091255125797997
996,1.1076999999204418,2.0,100.0,1.080619006753895
997,0.9308999999575462,-5.0,107.0,1.0674860697121802
998,3.2468999997945502,-10.0,112.0,0.8660883012517175
999,0.8026999998946849,-20.0,122.0,0.8517805545317245
1000,1.134399999955349,-9.0,111.0,0.8384418068994904
