RHC,train,10,training accuracy,50.588,training error,0.166,training time,0.281,testing time,0.051,f1 score,0.362
RHC,train,100,training accuracy,77.397,training error,0.106,training time,1.845,testing time,0.026,f1 score,0.81
RHC,train,500,training accuracy,91.542,training error,0.049,training time,7.275,testing time,0.019,f1 score,0.925
RHC,train,1000,training accuracy,93.691,training error,0.028,training time,13.995,testing time,0.02,f1 score,0.944
RHC,train,2500,training accuracy,94.007,training error,0.023,training time,36.384,testing time,0.022,f1 score,0.947
RHC,train,5000,training accuracy,94.052,training error,0.022,training time,75.047,testing time,0.023,f1 score,0.947
RHC,test,10,testing accuracy,39.168,training error,0.166,training time,0.281,testing time,0.013,f1 score,0.332
RHC,test,100,testing accuracy,56.128,training error,0.106,training time,1.845,testing time,0.006,f1 score,0.659
RHC,test,500,testing accuracy,89.145,training error,0.049,training time,7.275,testing time,0.004,f1 score,0.906
RHC,test,1000,testing accuracy,91.904,training error,0.028,training time,13.995,testing time,0.009,f1 score,0.929
RHC,test,2500,testing accuracy,92.899,training error,0.023,training time,36.384,testing time,0.005,f1 score,0.938
RHC,test,5000,testing accuracy,92.537,training error,0.022,training time,75.047,testing time,0.005,f1 score,0.934
