RHC,train,10,training accuracy,93.894,training error,0.03,training time,67.333,testing time,0.038,f1 score,0.945
RHC,train,100,training accuracy,94.064,training error,0.022,training time,70.678,testing time,0.018,f1 score,0.947
RHC,train,500,training accuracy,94.098,training error,0.021,training time,71.269,testing time,0.018,f1 score,0.947
RHC,train,1000,training accuracy,94.075,training error,0.021,training time,166.8,testing time,0.045,f1 score,0.947
RHC,train,2500,training accuracy,94.064,training error,0.021,training time,78.764,testing time,0.023,f1 score,0.947
RHC,train,5000,training accuracy,94.109,training error,0.021,training time,77.255,testing time,0.02,f1 score,0.947
,,,,,,,,,,,,
SA,train,10,training accuracy,93.951,training error,0.031,training time,69.519,testing time,0.018,f1 score,0.946
SA,train,100,training accuracy,94.041,training error,0.022,training time,70.9,testing time,0.02,f1 score,0.947
SA,train,500,training accuracy,93.985,training error,0.021,training time,70.717,testing time,0.017,f1 score,0.946
SA,train,1000,training accuracy,94.143,training error,0.021,training time,173.913,testing time,0.044,f1 score,0.948
SA,train,2500,training accuracy,94.177,training error,0.021,training time,76.454,testing time,0.022,f1 score,0.948
SA,train,5000,training accuracy,94.154,training error,0.021,training time,77.07,testing time,0.019,f1 score,0.948
,,,,,,,,,,,,
GA,train,10,training accuracy,91.542,training error,0.046,training time,323.784,testing time,0.017,f1 score,0.926
GA,train,100,training accuracy,91.282,training error,0.037,training time,323.321,testing time,0.019,f1 score,0.923
GA,train,500,training accuracy,92.379,training error,0.033,training time,773.624,testing time,0.044,f1 score,0.932
GA,train,1000,training accuracy,92.232,training error,0.03,training time,749.887,testing time,0.02,f1 score,0.931
GA,train,2500,training accuracy,92.594,training error,0.028,training time,371.805,testing time,0.021,f1 score,0.935
GA,train,5000,training accuracy,92.628,training error,0.028,training time,367.153,testing time,0.019,f1 score,0.934
,,,,,,,,,,,,
,,,,,,,,,,,,
,,,,,,,,,,,,
,,,,,,,,,,,,
,,,,,,,,,,,,
RHC,test,10,testing accuracy,92.13,training error,0.03,training time,67.333,testing time,0.008,f1 score,0.93
RHC,test,100,testing accuracy,92.266,training error,0.022,training time,70.678,testing time,0.005,f1 score,0.932
RHC,test,500,testing accuracy,92.356,training error,0.021,training time,71.269,testing time,0.004,f1 score,0.933
RHC,test,1000,testing accuracy,92.673,training error,0.021,training time,166.8,testing time,0.012,f1 score,0.935
RHC,test,2500,testing accuracy,92.583,training error,0.021,training time,78.764,testing time,0.005,f1 score,0.935
RHC,test,5000,testing accuracy,92.537,training error,0.021,training time,77.255,testing time,0.004,f1 score,0.934
,,,,,,,,,,,,
,,,,,,,,,,,,
SA,test,10,testing accuracy,92.537,training error,0.031,training time,69.519,testing time,0.01,f1 score,0.934
SA,test,100,testing accuracy,92.311,training error,0.022,training time,70.9,testing time,0.005,f1 score,0.932
SA,test,500,testing accuracy,92.311,training error,0.021,training time,70.717,testing time,0.005,f1 score,0.932
SA,test,1000,testing accuracy,92.356,training error,0.021,training time,173.913,testing time,0.015,f1 score,0.933
SA,test,2500,testing accuracy,92.583,training error,0.021,training time,76.454,testing time,0.007,f1 score,0.935
SA,test,5000,testing accuracy,92.537,training error,0.021,training time,77.07,testing time,0.005,f1 score,0.934
,,,,,,,,,,,,
,,,,,,,,,,,,
GA,test,10,testing accuracy,89.326,training error,0.046,training time,323.784,testing time,0.005,f1 score,0.909
GA,test,100,testing accuracy,89.733,training error,0.037,training time,323.321,testing time,0.005,f1 score,0.911
GA,test,500,testing accuracy,91.859,training error,0.033,training time,773.624,testing time,0.01,f1 score,0.928
GA,test,1000,testing accuracy,90.592,training error,0.03,training time,749.887,testing time,0.006,f1 score,0.918
GA,test,2500,testing accuracy,90.638,training error,0.028,training time,371.805,testing time,0.005,f1 score,0.918
GA,test,5000,testing accuracy,91.316,training error,0.028,training time,367.153,testing time,0.006,f1 score,0.923
