GA,train,10,10,5,2,training accuracy,54.138,training time,0.613,training error,0.15,testing time,0.07,f1 score,0.561
GA,train,100,10,5,2,training accuracy,77.51,training time,3.275,training error,0.1,testing time,0.03,f1 score,0.804
GA,train,500,10,5,2,training accuracy,73.892,training time,17.312,training error,0.118,testing time,0.029,f1 score,0.796
GA,train,1000,10,5,2,training accuracy,70.986,training time,34.748,training error,0.128,testing time,0.032,f1 score,0.747
GA,train,2500,10,5,2,training accuracy,87.472,training time,115.545,training error,0.09,testing time,0.036,f1 score,0.886
GA,train,5000,10,5,2,training accuracy,81.015,training time,156.053,training error,0.076,testing time,0.026,f1 score,0.836
GA,train,10,25,10,5,training accuracy,70.647,training time,0.673,training error,0.116,testing time,0.043,f1 score,0.688
GA,train,100,25,10,5,training accuracy,87.087,training time,5.287,training error,0.078,testing time,0.024,f1 score,0.89
GA,train,500,25,10,5,training accuracy,88.06,training time,27.255,training error,0.055,testing time,0.023,f1 score,0.898
GA,train,1000,25,10,5,training accuracy,87.517,training time,54.612,training error,0.07,testing time,0.031,f1 score,0.891
GA,train,2500,25,10,5,training accuracy,89.292,training time,180.371,training error,0.048,testing time,0.041,f1 score,0.905
GA,train,5000,25,10,5,training accuracy,92.65,training time,248.883,training error,0.039,testing time,0.019,f1 score,0.934
GA,train,10,50,30,10,training accuracy,79.093,training time,1.361,training error,0.138,testing time,0.034,f1 score,0.83
GA,train,100,50,30,10,training accuracy,89.552,training time,11.207,training error,0.083,testing time,0.023,f1 score,0.909
GA,train,500,50,30,10,training accuracy,90.219,training time,57.716,training error,0.057,testing time,0.036,f1 score,0.914
GA,train,1000,50,30,10,training accuracy,90.773,training time,117.005,training error,0.045,testing time,0.038,f1 score,0.92
GA,train,2500,50,30,10,training accuracy,92.096,training time,358.086,training error,0.035,testing time,0.035,f1 score,0.93
GA,train,5000,50,30,10,training accuracy,92.345,training time,554.388,training error,0.033,testing time,0.038,f1 score,0.932
GA,train,10,75,40,15,training accuracy,74.197,training time,1.747,training error,0.151,testing time,0.035,f1 score,0.802
GA,train,100,75,40,15,training accuracy,90.185,training time,14.689,training error,0.068,testing time,0.026,f1 score,0.914
GA,train,500,75,40,15,training accuracy,91.723,training time,76.077,training error,0.044,testing time,0.025,f1 score,0.926
GA,train,1000,75,40,15,training accuracy,92.345,training time,176.255,training error,0.043,testing time,0.03,f1 score,0.932
GA,train,2500,75,40,15,training accuracy,93.069,training time,380.652,training error,0.032,testing time,0.028,f1 score,0.939
GA,train,5000,75,40,15,training accuracy,93.329,training time,696.869,training error,0.028,testing time,0.019,f1 score,0.941
GA,train,10,100,50,20,training accuracy,82.531,training time,2.141,training error,0.125,testing time,0.025,f1 score,0.852
GA,train,100,100,50,20,training accuracy,89.202,training time,18.794,training error,0.081,testing time,0.03,f1 score,0.904
GA,train,500,100,50,20,training accuracy,92.741,training time,92.791,training error,0.046,testing time,0.033,f1 score,0.936
GA,train,1000,100,50,20,training accuracy,92.413,training time,180.606,training error,0.041,testing time,0.022,f1 score,0.934
GA,train,2500,100,50,20,training accuracy,93.431,training time,426.765,training error,0.031,testing time,0.024,f1 score,0.941
GA,train,5000,100,50,20,training accuracy,93.318,training time,702.555,training error,0.03,testing time,0.019,f1 score,0.941
GA,train,10,125,60,25,training accuracy,82.508,training time,2.516,training error,0.138,testing time,0.028,f1 score,0.838
GA,train,100,125,60,25,training accuracy,90.83,training time,22.934,training error,0.076,testing time,0.027,f1 score,0.92
GA,train,500,125,60,25,training accuracy,92.096,training time,110.495,training error,0.048,testing time,0.027,f1 score,0.931
GA,train,1000,125,60,25,training accuracy,92.956,training time,236.246,training error,0.036,testing time,0.026,f1 score,0.938
GA,train,2500,125,60,25,training accuracy,93.227,training time,505.665,training error,0.03,testing time,0.026,f1 score,0.94
GA,train,5000,125,60,25,training accuracy,93.691,training time,844.809,training error,0.027,testing time,0.019,f1 score,0.944
GA,test,10,10,5,2,testing accuracy,55.721,training time,0.613,training error,0.15,testing time,0.022,f1 score,0.546
GA,test,100,10,5,2,testing accuracy,80.326,training time,3.275,training error,0.1,testing time,0.008,f1 score,0.826
GA,test,500,10,5,2,testing accuracy,74.175,training time,17.312,training error,0.118,testing time,0.01,f1 score,0.795
GA,test,1000,10,5,2,testing accuracy,80.416,training time,34.748,training error,0.128,testing time,0.01,f1 score,0.814
GA,test,2500,10,5,2,testing accuracy,88.422,training time,115.545,training error,0.09,testing time,0.01,f1 score,0.895
GA,test,5000,10,5,2,testing accuracy,83.039,training time,156.053,training error,0.076,testing time,0.007,f1 score,0.851
GA,test,10,25,10,5,testing accuracy,59.521,training time,0.673,training error,0.116,testing time,0.015,f1 score,0.488
GA,test,100,25,10,5,testing accuracy,84.215,training time,5.287,training error,0.078,testing time,0.008,f1 score,0.864
GA,test,500,25,10,5,testing accuracy,84.215,training time,27.255,training error,0.055,testing time,0.006,f1 score,0.868
GA,test,1000,25,10,5,testing accuracy,89.1,training time,54.612,training error,0.07,testing time,0.011,f1 score,0.906
GA,test,2500,25,10,5,testing accuracy,90.773,training time,180.371,training error,0.048,testing time,0.014,f1 score,0.919
GA,test,5000,25,10,5,testing accuracy,91.678,training time,248.883,training error,0.039,testing time,0.012,f1 score,0.926
GA,test,10,50,30,10,testing accuracy,67.39,training time,1.361,training error,0.138,testing time,0.015,f1 score,0.77
GA,test,100,50,30,10,testing accuracy,82.994,training time,11.207,training error,0.083,testing time,0.009,f1 score,0.863
GA,test,500,50,30,10,testing accuracy,86.386,training time,57.716,training error,0.057,testing time,0.011,f1 score,0.884
GA,test,1000,50,30,10,testing accuracy,87.743,training time,117.005,training error,0.045,testing time,0.009,f1 score,0.896
GA,test,2500,50,30,10,testing accuracy,89.371,training time,358.086,training error,0.035,testing time,0.01,f1 score,0.908
GA,test,5000,50,30,10,testing accuracy,89.959,training time,554.388,training error,0.033,testing time,0.014,f1 score,0.912
GA,test,10,75,40,15,testing accuracy,65.672,training time,1.747,training error,0.151,testing time,0.018,f1 score,0.756
GA,test,100,75,40,15,testing accuracy,88.557,training time,14.689,training error,0.068,testing time,0.007,f1 score,0.901
GA,test,500,75,40,15,testing accuracy,90.366,training time,76.077,training error,0.044,testing time,0.007,f1 score,0.916
GA,test,1000,75,40,15,testing accuracy,90.954,training time,176.255,training error,0.043,testing time,0.011,f1 score,0.92
GA,test,2500,75,40,15,testing accuracy,91.723,training time,380.652,training error,0.032,testing time,0.007,f1 score,0.927
GA,test,5000,75,40,15,testing accuracy,91.949,training time,696.869,training error,0.028,testing time,0.005,f1 score,0.93
GA,test,10,100,50,20,testing accuracy,79.104,training time,2.141,training error,0.125,testing time,0.009,f1 score,0.82
GA,test,100,100,50,20,testing accuracy,88.648,training time,18.794,training error,0.081,testing time,0.007,f1 score,0.899
GA,test,500,100,50,20,testing accuracy,91.723,training time,92.791,training error,0.046,testing time,0.011,f1 score,0.927
GA,test,1000,100,50,20,testing accuracy,90.954,training time,180.606,training error,0.041,testing time,0.007,f1 score,0.921
GA,test,2500,100,50,20,testing accuracy,92.266,training time,426.765,training error,0.031,testing time,0.011,f1 score,0.931
GA,test,5000,100,50,20,testing accuracy,92.492,training time,702.555,training error,0.03,testing time,0.005,f1 score,0.934
GA,test,10,125,60,25,testing accuracy,76.3,training time,2.516,training error,0.138,testing time,0.007,f1 score,0.752
GA,test,100,125,60,25,testing accuracy,85.346,training time,22.934,training error,0.076,testing time,0.008,f1 score,0.876
GA,test,500,125,60,25,testing accuracy,90.005,training time,110.495,training error,0.048,testing time,0.011,f1 score,0.914
GA,test,1000,125,60,25,testing accuracy,92.04,training time,236.246,training error,0.036,testing time,0.008,f1 score,0.93
GA,test,2500,125,60,25,testing accuracy,93.08,training time,505.665,training error,0.03,testing time,0.009,f1 score,0.938
GA,test,5000,125,60,25,testing accuracy,92.673,training time,844.809,training error,0.027,testing time,0.004,f1 score,0.935
