SA,train,10,0.05,10,training accuracy,57.203,training time,0.325,training error,0.126,testing time,0.055,f1 score,0.485
SA,train,100,0.05,10,training accuracy,73.259,training time,1.794,training error,0.121,testing time,0.026,f1 score,0.768
SA,train,500,0.05,10,training accuracy,88.817,training time,7.114,training error,0.078,testing time,0.018,f1 score,0.901
SA,train,1000,0.05,10,training accuracy,92.334,training time,14.711,training error,0.056,testing time,0.018,f1 score,0.932
SA,train,2500,0.05,10,training accuracy,93.951,training time,37.425,training error,0.035,testing time,0.02,f1 score,0.946
SA,train,5000,0.05,10,training accuracy,93.951,training time,73.429,training error,0.033,testing time,0.018,f1 score,0.946
SA,train,10,0.2,100,training accuracy,56.4,training time,0.216,training error,0.157,testing time,0.028,f1 score,0.718
SA,train,100,0.2,100,training accuracy,69.81,training time,1.442,training error,0.129,testing time,0.02,f1 score,0.739
SA,train,500,0.2,100,training accuracy,90.739,training time,7.105,training error,0.071,testing time,0.019,f1 score,0.918
SA,train,1000,0.2,100,training accuracy,92.797,training time,14.585,training error,0.062,testing time,0.018,f1 score,0.937
SA,train,2500,0.2,100,training accuracy,93.747,training time,36.889,training error,0.042,testing time,0.019,f1 score,0.945
SA,train,5000,0.2,100,training accuracy,94.211,training time,72.331,training error,0.03,testing time,0.018,f1 score,0.948
SA,train,10,0.35,1000,training accuracy,53.245,training time,0.221,training error,0.132,testing time,0.026,f1 score,0.612
SA,train,100,0.35,1000,training accuracy,64.858,training time,1.448,training error,0.129,testing time,0.019,f1 score,0.715
SA,train,500,0.35,1000,training accuracy,89.801,training time,7.161,training error,0.074,testing time,0.019,f1 score,0.912
SA,train,1000,0.35,1000,training accuracy,91.565,training time,14.592,training error,0.047,testing time,0.018,f1 score,0.925
SA,train,2500,0.35,1000,training accuracy,93.487,training time,37.107,training error,0.046,testing time,0.02,f1 score,0.942
SA,train,5000,0.35,1000,training accuracy,94.109,training time,71.457,training error,0.031,testing time,0.019,f1 score,0.947
SA,train,10,0.5,10000,training accuracy,48.021,training time,0.169,training error,0.145,testing time,0.026,f1 score,0.364
SA,train,100,0.5,10000,training accuracy,53.2,training time,1.429,training error,0.198,testing time,0.018,f1 score,0.679
SA,train,500,0.5,10000,training accuracy,90.479,training time,7.019,training error,0.094,testing time,0.018,f1 score,0.915
SA,train,1000,0.5,10000,training accuracy,90.694,training time,16.854,training error,0.089,testing time,0.019,f1 score,0.917
SA,train,2500,0.5,10000,training accuracy,93.86,training time,37.344,training error,0.034,testing time,0.02,f1 score,0.945
SA,train,5000,0.5,10000,training accuracy,94.075,training time,72.969,training error,0.033,testing time,0.019,f1 score,0.947
SA,train,10,0.65,100000,training accuracy,53.256,training time,0.178,training error,0.179,testing time,0.026,f1 score,0.693
SA,train,100,0.65,100000,training accuracy,52.51,training time,1.419,training error,0.179,testing time,0.018,f1 score,0.564
SA,train,500,0.65,100000,training accuracy,86.918,training time,7.078,training error,0.092,testing time,0.018,f1 score,0.885
SA,train,1000,0.65,100000,training accuracy,91.248,training time,14.582,training error,0.084,testing time,0.018,f1 score,0.923
SA,train,2500,0.65,100000,training accuracy,94.03,training time,36.948,training error,0.061,testing time,0.019,f1 score,0.947
SA,train,5000,0.65,100000,training accuracy,93.962,training time,71.914,training error,0.028,testing time,0.018,f1 score,0.946
SA,train,10,0.8,1000000,training accuracy,47.275,training time,0.202,training error,0.168,testing time,0.036,f1 score,0.119
SA,train,100,0.8,1000000,training accuracy,54.251,training time,1.39,training error,0.165,testing time,0.018,f1 score,0.699
SA,train,500,0.8,1000000,training accuracy,81.287,training time,7.161,training error,0.113,testing time,0.018,f1 score,0.836
SA,train,1000,0.8,1000000,training accuracy,92.752,training time,14.624,training error,0.072,testing time,0.019,f1 score,0.935
SA,train,2500,0.8,1000000,training accuracy,93.747,training time,38.21,training error,0.042,testing time,0.019,f1 score,0.944
SA,train,5000,0.8,1000000,training accuracy,94.019,training time,72.154,training error,0.036,testing time,0.018,f1 score,0.947
SA,train,10,0.95,1.00E+07,training accuracy,39.88,training time,0.227,training error,0.173,testing time,0.024,f1 score,0.204
SA,train,100,0.95,1.00E+07,training accuracy,41.949,training time,1.41,training error,0.185,testing time,0.019,f1 score,0.569
SA,train,500,0.95,1.00E+07,training accuracy,59.17,training time,7.081,training error,0.109,testing time,0.02,f1 score,0.646
SA,train,1000,0.95,1.00E+07,training accuracy,47.422,training time,16.262,training error,0.253,testing time,0.021,f1 score,0.555
SA,train,2500,0.95,1.00E+07,training accuracy,93.306,training time,38.27,training error,0.12,testing time,0.019,f1 score,0.94
SA,train,5000,0.95,1.00E+07,training accuracy,94.132,training time,71.883,training error,0.048,testing time,0.019,f1 score,0.948
SA,test,10,0.05,10,testing accuracy,50.927,training time,0.325,training error,0.126,testing time,0.012,f1 score,0.28
SA,test,100,0.05,10,testing accuracy,66.35,training time,1.794,training error,0.121,testing time,0.006,f1 score,0.728
SA,test,500,0.05,10,testing accuracy,86.386,training time,7.114,training error,0.078,testing time,0.004,f1 score,0.881
SA,test,1000,0.05,10,testing accuracy,91.361,training time,14.711,training error,0.056,testing time,0.005,f1 score,0.923
SA,test,2500,0.05,10,testing accuracy,91.678,training time,37.425,training error,0.035,testing time,0.005,f1 score,0.927
SA,test,5000,0.05,10,testing accuracy,92.628,training time,73.429,training error,0.033,testing time,0.005,f1 score,0.935
SA,test,10,0.2,100,testing accuracy,56.536,training time,0.216,training error,0.157,testing time,0.006,f1 score,0.717
SA,test,100,0.2,100,testing accuracy,68.34,training time,1.442,training error,0.129,testing time,0.005,f1 score,0.717
SA,test,500,0.2,100,testing accuracy,87.065,training time,7.105,training error,0.071,testing time,0.004,f1 score,0.891
SA,test,1000,0.2,100,testing accuracy,91.633,training time,14.585,training error,0.062,testing time,0.005,f1 score,0.927
SA,test,2500,0.2,100,testing accuracy,92.402,training time,36.889,training error,0.042,testing time,0.006,f1 score,0.934
SA,test,5000,0.2,100,testing accuracy,92.175,training time,72.331,training error,0.03,testing time,0.004,f1 score,0.931
SA,test,10,0.35,1000,testing accuracy,53.505,training time,0.221,training error,0.132,testing time,0.006,f1 score,0.619
SA,test,100,0.35,1000,testing accuracy,66.486,training time,1.448,training error,0.129,testing time,0.005,f1 score,0.739
SA,test,500,0.35,1000,testing accuracy,85.979,training time,7.161,training error,0.074,testing time,0.004,f1 score,0.884
SA,test,1000,0.35,1000,testing accuracy,90.954,training time,14.592,training error,0.047,testing time,0.005,f1 score,0.92
SA,test,2500,0.35,1000,testing accuracy,91.316,training time,37.107,training error,0.046,testing time,0.005,f1 score,0.924
SA,test,5000,0.35,1000,testing accuracy,92.537,training time,71.457,training error,0.031,testing time,0.005,f1 score,0.934
SA,test,10,0.5,10000,testing accuracy,51.651,training time,0.169,training error,0.145,testing time,0.009,f1 score,0.391
SA,test,100,0.5,10000,testing accuracy,53.324,training time,1.429,training error,0.198,testing time,0.004,f1 score,0.693
SA,test,500,0.5,10000,testing accuracy,88.467,training time,7.019,training error,0.094,testing time,0.004,f1 score,0.899
SA,test,1000,0.5,10000,testing accuracy,88.829,training time,16.854,training error,0.089,testing time,0.005,f1 score,0.902
SA,test,2500,0.5,10000,testing accuracy,92.04,training time,37.344,training error,0.034,testing time,0.006,f1 score,0.929
SA,test,5000,0.5,10000,testing accuracy,92.13,training time,72.969,training error,0.033,testing time,0.005,f1 score,0.931
SA,test,10,0.65,100000,testing accuracy,54.274,training time,0.178,training error,0.179,testing time,0.006,f1 score,0.701
SA,test,100,0.65,100000,testing accuracy,60.154,training time,1.419,training error,0.179,testing time,0.004,f1 score,0.569
SA,test,500,0.65,100000,testing accuracy,86.251,training time,7.078,training error,0.092,testing time,0.004,f1 score,0.881
SA,test,1000,0.65,100000,testing accuracy,88.602,training time,14.582,training error,0.084,testing time,0.005,f1 score,0.902
SA,test,2500,0.65,100000,testing accuracy,92.13,training time,36.948,training error,0.061,testing time,0.006,f1 score,0.931
SA,test,5000,0.65,100000,testing accuracy,92.175,training time,71.914,training error,0.028,testing time,0.004,f1 score,0.931
SA,test,10,0.8,1000000,testing accuracy,45.319,training time,0.202,training error,0.168,testing time,0.008,f1 score,0.059
SA,test,100,0.8,1000000,testing accuracy,52.374,training time,1.39,training error,0.165,testing time,0.004,f1 score,0.683
SA,test,500,0.8,1000000,testing accuracy,75.215,training time,7.161,training error,0.113,testing time,0.005,f1 score,0.775
SA,test,1000,0.8,1000000,testing accuracy,92.628,training time,14.624,training error,0.072,testing time,0.005,f1 score,0.935
SA,test,2500,0.8,1000000,testing accuracy,92.221,training time,38.21,training error,0.042,testing time,0.005,f1 score,0.931
SA,test,5000,0.8,1000000,testing accuracy,91.633,training time,72.154,training error,0.036,testing time,0.004,f1 score,0.926
SA,test,10,0.95,1.00E+07,testing accuracy,45.002,training time,0.227,training error,0.173,testing time,0.006,f1 score,0.271
SA,test,100,0.95,1.00E+07,testing accuracy,39.846,training time,1.41,training error,0.185,testing time,0.004,f1 score,0.531
SA,test,500,0.95,1.00E+07,testing accuracy,49.751,training time,7.081,training error,0.109,testing time,0.006,f1 score,0.546
SA,test,1000,0.95,1.00E+07,testing accuracy,53.143,training time,16.262,training error,0.253,testing time,0.005,f1 score,0.607
SA,test,2500,0.95,1.00E+07,testing accuracy,90.05,training time,38.27,training error,0.12,testing time,0.005,f1 score,0.914
SA,test,5000,0.95,1.00E+07,testing accuracy,92.085,training time,71.883,training error,0.048,testing time,0.005,f1 score,0.93
